city,SUM of votes
"Sydney, Australia",159361
"London, UK",138496
"Singapore, Singapore",38887
"Telangana, India",22064
"San Francisco, CA",19147
"Austin, TX",12756
"Mumbai, MH, India",12285
"Cleveland, OH",11770
"Bengaluru, KA, India",8452
"Algiers, Algiers Province, Algeria",8184
"Manhattan, New York City, NY",7898
"Chicago, IL",5616
"Melbourne, Australia",4817
"SoMa, San Francisco, CA",4630
"Tel Aviv, Israel",4551
"Dubai, United Arab Emirates",4063
"Visakhapatnam, AP, India",3929
"Toronto, Canada",3902
US Misc,3839
"New York City, NY",3777
"Berlin, Germany",3773
"Seattle, WA",3640
"Los Angeles, CA",3210
"Palo Alto, CA",2930
"Warsaw, Poland",2861
"Miami, FL",2801
"Powai, Mumbai, India",2503
Remote,2481
"Perth, Australia",2349
"Ghent, Belgium",2097
"Boston, MA",1996
"Dublin, Ireland",1976
"Amsterdam, Netherlands",1970
"Bari, Apulia, Italy",1959
"Downtown San Francisco, CA",1758
"Kyiv, Ukraine",1709
"Tallinn, Estonia",1697
"Lagos, Nigeria",1676
"Frankfurt Am Main, Germany",1636
"Paris, France",1553
"Barcelona, Spain",1481
"Delhi, India",1312
"Lisbon, Portugal",1257
"Alcobendas, Community of Madrid, Spain",1182
"Houston, TX",1182
"Hong Kong, China",1181
"Accra, Ghana",1178
"Ahmedabad, GJ, India",1157
"Stockholm, Sweden",1135
"Zurich, Switzerland",1133
"Munich, Germany",1047
"Mexico City, Mexico",1042
"Gibraltar, UK",1039
Washington DC,1039
"San Diego, CA",1038
"Santiago, Chile",1030
"Buenos Aires, Argentina",1015
"Lombardy, Italy",1001
"Noida, UP, India",958
"Tokyo, Japan",950
"Chennai, TN, India",946
"San Jose, CA",923
"Seoul, South Korea",917
"Denver, CO",901
"Gurgaon, HR, India",900
"Zug, Switzerland",878
"Hyderabad, TG, India",876
"Oslo, Norway",808
Turkey Misc,741
"Atlanta, GA",716
"Goa, India",716
"San Francisco, Bay Area, CA",702
"Brooklyn, New York City, NY",695
"Vienna, Austria",682
"Richmond, VA",681
"Sao Paulo, Brazil",667
"Columbus, OH",662
"Pune, MH, India",623
"Jaipur, RJ, India",619
"Kuala Lumpur, Malaysia",609
"England, UK",552
Iceland Misc,551
"Charlottesville, VA",530
"Pittsburgh, PA",510
"Montreal, Quebec, Canada",504
"Copenhagen, Denmark",503
"Vancouver, WA",490
"Baku, Azerbaijan",489
"Madrid, Spain",466
"New Delhi, DL, India",433
"San Mateo, CA",428
Israel Misc,398
"Atasehir, Istanbul, Turkey",396
"Vilnius, Lithuania",390
"Phasi Charoen, Bangkok, Thailand",381
"JLT, Dubai, United Arab Emirates",374
"Tampa, FL",374
"Rome, Italy",372
Sweden Misc,370
"Bangkok, Thailand",352
"Wilmington, DE",352
"Istanbul, Turkey",341
"California, US",336
"Dallas, TX",328
"Bangalore Urban, India",327
Germany Misc,322
"Mountain View, CA",315
"Limassol, Cyprus",308
"HSR Layout, Bangalore, India",305
"Sofia, Bulgaria",299
"Malaga, Spain",296
"Sicily, Italy",294
"Malibu, CA",289
"Philadelphia, PA",287
Netherlands Misc,282
India Misc,280
"Delaware, OH",279
"California, MD",276
Cayman Islands Misc,272
"Ogbomosho, Oyo, Nigeria",265
Brazil Misc,264
"Nairobi, Kenya",264
"Surat, GJ, India",254
"Bayside Village, San Francisco, CA",251
"Riga, Latvia",250
"Baghdad, Baghdad Governorate, Iraq",248
"Liverpool, UK",248
"Auckland, New Zealand",247
"Geneva, Switzerland",246
"Antwerp, Belgium",244
"South Park, San Francisco, CA",241
"Oakland, CA",237
"Santa Monica, CA",237
"Baden Wurttemberg, Germany",235
"Montevideo, Uruguay",235
"Sacramento, CA",235
"Rio de Janeiro, Brazil",233
"Eindhoven, Netherlands",229
"New York, US",227
"Santa Clara, CA",223
"Abuja, Nigeria",220
"Frisco, TX",220
"Hamburg, Germany",220
"Odessa, Ukraine",220
"Johannesburg, South Africa",219
"Evora, Evora District, Portugal",217
"Financial District, San Francisco, CA",216
"Wellington, New Zealand",216
"Boulder, CO",215
"Las Vegas, NV",213
"Charlotte, NC",210
Australia Misc,209
"Jakarta, Indonesia",208
"Durham, NC",207
"Lahore, Pakistan",206
"Indore, MP, India",205
"Mcallen, TX",203
Montenegro Misc,200
"Sydney, Canada",200
"Belgrade, Serbia",198
"Brussels, Belgium",197
"Minneapolis, MN",195
"Milan, Italy",191
"London, AR",189
"Chinatown, San Francisco, CA",188
"Civic Center, San Francisco, CA",188
"Bucharest, Romania",187
Namibia Misc,187
"Tiruchirappalli, TN, India",187
"Claymont, DE",186
"Schwyz, Switzerland",185
"Cairo, Egypt",183
"Dhaka, Bangladesh",178
"Medina, OH",175
"Helsinki, Finland",174
"Beverly Hills, CA",172
"Lekki, Nigeria",167
"Phoenix, AZ",166
"Chandigarh, CH, India",164
"London, Ontario, Canada, Ontario, Canada",164
"Raleigh, NC",164
"Cambridge, US",158
Switzerland Misc,156
"Brisbane, Australia",155
"Ho Chi Minh City, Vietnam",155
"Colorado Springs, CO",154
"Dover, DE",154
Austria Misc,153
"Sheridan, WY",153
"Vancouver, British Columbia, Canada",151
"Fremont, CA",150
"Bangalore South, KA, India",149
"Edmonton, Canada",148
"Georgetown, TX",148
"Portland, OR",148
"Dar es Salaam, Tanzania",147
France Misc,146
"Jersey City, NJ",146
"Neuchatel, Switzerland",139
"Bochum, North Rhine-westphalia, Germany",138
"New South Wales, Australia",136
British Virgin Islands Misc,135
"Irvine, CA",135
"Nicosia, Cyprus",135
"Haarlem, North Holland, Netherlands",134
"Pennsylvania, US",134
Finland Misc,133
"Moscow, Russia",130
"Hanoi, Vietnam",128
"Cologne, Germany",127
"Mississauga, Canada",126
"Queensland, Australia",126
"Tamil Nadu, India",126
"Bavaria, Germany",125
"Mission District, San Francisco, CA",125
Malta Misc,123
"Medellin, Colombia",123
"Middletown, OH",123
"St Petersburg, FL",123
"Lima, Peru",121
"Gold Coast, Australia",117
"Reno, NV",116
"New Jersey, US",115
"Union Square, San Francisco, CA",115
"Baltimore, MD",114
"Kentucky, US",113
"Orlando, FL",112
"Gauteng, South Africa",110
"Kolkata, WB, India",110
"Sunnyvale, CA",110
"Gainesville, FL",109
"Bristol, UK",107
"Nashville, TN",107
"Newark, NJ",107
"Tbilisi, Georgia",107
"Seville, Andalusia, Spain",106
"Florida, US",105
Spain Misc,105
"Yerevan, Armenia",105
Italy Misc,104
"Redwood City, CA",104
"San Juan, Puerto Rico",104
"Reykjavik, Iceland",103
"Cupertino, CA",102
"Gurugram, HR, India",101
"Pleasanton, CA",101
"Calgary, AB, Canada",100
"Menlo Park, CA",100
"Scottsdale, AZ",99
"St. Louis, MO",99
"Uttar Pradesh, India",99
"Andheri East, Mumbai, India",98
"Bogota, Colombia",96
"Zoetermeer, South Holland, Netherlands",95
"Indianapolis, IN",94
"Iowa, US",94
Russia Misc,94
"Aarhus, Denmark",93
Macedonia Misc,93
"Tel Aviv Yafo, Tel Aviv, Israel",93
"Dover, UK",92
UK Misc,92
"Wroclaw, Poland",92
"Antioquia, Colombia",90
"Birmingham, AL",90
"Domlur, Bangalore, India",90
"Ile de France, France",90
"Salt Lake City, UT",88
Luxembourg Misc,87
Panama Misc,87
"Sendai, Miyagi, Japan",86
"Shanghai, China",86
"Thane, MH, India",86
"Makati, Philippines",85
Ghana Misc,84
"Canberra, Australia",83
"Cape Town, South Africa",83
"Delaware, US",82
"Colorado, CO",81
"Lewes, DE",81
Anguilla Misc,80
"Brandenburg, Germany",80
Chile Misc,80
"Krakow, Poland",80
"Nashik, MH, India",80
"Graz, Austria",79
"Maharashtra, India",79
"Karlsruhe, Germany",78
"Valencian Community, Spain",78
"Lugano, Ticino, Switzerland",77
"Akure, Ondo, Nigeria",76
Hungary Misc,76
"Quito, Pichincha Province, Ecuador",76
"Silicon Valley, US",76
"Bournemouth, UK",74
"Detroit, MI",74
"New Castle, DE",74
"Budapest, Hungary",73
"Fort Lauderdale, FL",73
"Navi Mumbai, India",73
"Cincinnati, OH",72
Luxembourg,72
"UK, Misc",72
"Addis Ababa, Ethiopia",71
Singapore Misc,71
"Grand Rapids, MI",70
"Northern Waterfront, San Francisco, CA",70
"Berkeley, CA",69
"Koramangala, Bangalore, India",69
"Prague, Czech",69
"Utrecht, Netherlands",69
"Cambridge, London, UK",68
"Schleswig Holstein, Germany",68
"Virginia, MN",68
"Manhattan Beach, CA",67
"Culver City, CA",66
"Doha, Qatar",66
"Bhubaneswar, OR, India",65
"Manchester, NH",65
"Doncaster, England, UK",63
"Enugu, Nigeria",63
Colombia Misc,62
"Hamilton, Ontario, Canada, Canada",62
"Madurai, TN, India",62
New Zealand Misc,62
Argentina Misc,60
"Lausanne, Switzerland",59
"Lower Saxony, Germany",59
"Phnom Penh, Cambodia",59
"Abu Dhabi, United Arab Emirates",58
"Turin, Italy",58
"Valencia, Venezuela",58
"Cardiff, UK",57
"Rotterdam, Netherlands",57
Czech Republic Misc,56
"Lyon, France",56
"Riyadh, Saudi Arabia",56
"Ava, MO",55
"British Columbia, Canada",55
"Larnaca, Cyprus",55
"Kigali City, Rwanda",54
"Texas, US",54
"San Francisco Bay Area, CA",53
"Sheffield, UK",53
"Texas City, TX",53
"Dusseldorf, Germany",52
"Edinburgh, Scotland, UK",52
"Massachusetts, US",52
"Shenzhen, China",52
"Stuttgart, Germany",52
"Andheri West, Mumbai, India, India",51
"Frankfurt, Germany",51
"Missoula, MT",51
Ukraine Misc,51
"Colorado, US",50
"Cordoba, Argentina",50
"Kochi, KL, India",49
"Manila, Philippines",49
"Roma, Lazio, Italy",49
"Thuringia, Germany",49
"Maryland, US",48
"North Melbourne, Melbourne, Australia",48
"Oxford, UK",48
"Beijing, China",47
"Trondheim, Norway",47
"Bangalore East, KA, India",46
"Bilbao, Basque Country, Spain",46
"Goiania, State of Goias, Brazil",46
"Gothenburg, Vastra Gotaland County, Sweden",46
"Herzliya, Israel",46
Morocco Misc,46
China Misc,45
"Long Island City, New York, NY",45
"Los Altos, CA",45
"Santa Barbara, CA",45
"Silicon Oasis, Dubai, United Arab Emirates",45
"Kampala, Uganda",44
"Karachi, Pakistan",44
"San Luis Obispo, CA",44
Venezuela Misc,44
"Wales, UK",44
"Alexandria, VA",43
"Victoria, Seychelles",43
"West Lafayette, IN",43
"Casablanca, Morocco",42
"Cornwall, UK",42
"Plano, TX",42
"Arizona, US",41
"Bhavnagar, India",40
"Catalonia, Spain",40
"Illinois, US",40
"Nariman Point, Mumbai, India",40
"Norfolk, VA",40
"Ontario, CA",40
"West Hollywood, CA",40
"Coimbatore, TN, India",39
"Arlington, TX",38
Indonesia Misc,38
"Mars, PA",38
"Saint Petersburg, Russia",38
"Alpharetta, GA",37
"Bellandur, Bangalore, India",37
"Midvale, UT",37
"Wilmington, NC",37
"Bratislava, Slovakia",36
"Kansas City, MO",36
Malaysia Misc,36
"Manitoba, Canada",36
"Christchurch, Canterbury, New Zealand",35
"Gujarat, India",35
"Indiranagar, Bangalore, India",35
"Olomouc, Olomouc Region, Czech Republic",35
Slovakia Misc,35
"Toms River, NJ",35
Vietnam Misc,35
"Bellevue, WA",34
"Campbell, CA",34
Greece Misc,34
"Louisville, KY",34
"North Rhine Westphalia, Germany",34
"Occitanie, France",34
"Porto Alegre, Rio Grande do Sul, Brazil",34
"Quebec City, Canada",34
Romania Misc,34
Bangladesh Misc,33
"Bhopal, MP, India",33
"Chisinau, Moldova",33
"Connecticut, US",33
"Dortmund, North Rhine-westphalia, Germany",33
"Izmir, Turkey",33
"Marbella, Spain",33
"Pacific Heights, San Francisco, CA",33
"Princeton, FL",33
"Tallahassee, FL",33
"Arizona City, AZ",32
"Barsha Heights, Dubai, United Arab Emirates",32
"Ikeja, Nigeria",32
"Kerala, India",32
"Mysuru, KA, India",32
"Nassau, NY",32
"North Carolina, US",32
"Petah Tikva, Central District, Israel",32
"Punjab, India",32
"Schaan, Liechtenstein",32
"Tortola, UK",32
"A Coruna, Galicia, Spain",31
"Ann Arbor, MI",31
"Bangalore Rural, India",31
"Boise, ID",31
"Brno, South Moravian Region, Czech Republic",31
"Flanders, Belgium",31
"Karnataka, India",31
"Kowloon, Hong Kong, China",31
"Lexington, KY",31
"Lille, France",31
"Ottawa, Ontario, Canada",31
"Southampton, UK",31
"Victor, NY",31
"Ankara, Turkey",30
"Brasov, Brasov County, Romania",30
Canada Misc,30
"DIFC, Dubai, United Arab Emirates",30
"Jeddah, Saudi Arabia",30
"The Hague, Netherlands",30
"West Covina, CA",30
"Woodside, CA",30
"Bishkek, Chuy Region, Kyrgyzstan",29
"Craiova, Dolj County, Romania",29
"Espoo, Uusimaa, Finland",29
"Giza, Egypt",29
"Harrow, England, UK",29
Kenya Misc,29
"Mill Valley, CA",29
"State of Minas Gerais, Brazil",29
"Beirut, Beirut Governorate, Lebanon",28
"Boca Raton, FL",28
"Lehi, UT",28
"Lusaka, Lusaka Province, Zambia",28
"San Carlos, Philippines",28
"Santa Cruz de la Sierra, Santa Cruz Department, Bolivia",28
"Syracuse, NY",28
"Tehran, Iran",28
"Vadodara, GJ, India",28
"Willunga, South Australia, Australia",28
"Almaty, Almaty Region, Kazakhstan",27
"Belfast, Northern Ireland UK",27
"Belo Horizonte, Brazil",27
"Bhaktapur, Bagmati Zone, Nepal",27
"Calgary, Canada",27
"Champaign, IL",27
"El Segundo, CA",27
Estonia Misc,27
"Guatemala City, Guatemala",27
"Kiel, Schleswig-holstein, Germany",27
"San Ramon, CA",27
"South Dakota, US",27
"Waterloo, Ontario, Canada",27
"Athens, GA",26
"Burlington, Canada",26
"Essen, North Rhine Westphalia, Germany",26
"Minnesota, US",26
"Nagpur, MH, India",26
"Tempe, AZ",26
"Watford, England, UK",26
"Zaragoza, Spain",26
"Al Qassim, Saudi Arabia",25
"Bethesda, MD",25
Cyprus Misc,25
"Guangdong, China",25
"Itahari, Province No. 1, Nepal",25
"Linz, Austria",25
"Park City, UT",25
"Quebec, Canada",25
"Shibuya, Japan",25
"Taipei, Taiwan",25
Belgium Misc,24
"California City, CA",24
"Clearwater, FL",24
"Colombo, Brazil",24
"Des Moines, IA",24
"Halifax, Canada",24
"Michigan, US",24
"Ottawa, Canada",24
Philippines Misc,24
"Ramat Gan, Israel",24
"Tulsa, OK",24
United Arab Emirates Misc,24
"Westminster, CO",24
"Cork, Ireland",23
Egypt Misc,23
"Greenville, SC",23
"Hangzhou, China",23
"Jacksonville, FL",23
Japan Misc,23
"New Orleans, LA",23
"Newtown, CT",23
"Port Moresby, National Capital District, Papua New Guinea",23
"Rochester, NY",23
"Saarland, Germany",23
"State of Hessen, Germany",23
"Attica, Greece",22
"Hannover, Lower Saxony, Germany",22
"Harare, Zimbabwe",22
"Leuven, Belgium",22
"Mannheim, Germany",22
"Panama City, Panama",22
"Pasadena, TX",22
"Petaling Jaya, Malaysia",22
South Africa Misc,22
"Toulouse, France",22
"White Plains, NY",22
"Barnaul, Altai Krai, Russia",21
"Brookline, Boston, MA",21
"Cluj napoca, Cluj County, Romania",21
"Emeryville, CA",21
"Miami Beach, FL",21
"Ontario, Canada",21
"Rajkot, GJ, India",21
"Saint Paul, MN",21
"Saratoga, CA",21
"Surabaya, Indonesia",21
"The Castro, San Francisco, CA",21
"Veneto, Italy",21
"Biarritz, Nouvelle Aquitaine, France",20
"Columbia, SC",20
"Emilia Romagna, Italy",20
"Haryana, India",20
"Huntsville, AL",20
Ireland Misc,20
"Kitchener, Ontario, Canada",20
"McLean, VA",20
"Poland, OH",20
"Rajasthan, India",20
"Saarbrucken, Saarland, Germany",20
"Washington, US",20
"Amman, Jordan",19
"Bonn, Germany",19
"Dehradun, UK, India",19
"Fargo, US",19
"Ghaziabad, UP, India",19
"Lincoln, NE",19
"Long Beach, CA",19
"Newport Beach, CA",19
"Newton, MA",19
"Omaha, NE",19
"Ponte Vedra Beach, FL",19
"Aachen, Germany",18
"Coimbra, Coimbra District, Portugal",18
"Greenford, England, UK",18
"Malmo, Skane County, Sweden",18
"Marseille, France",18
Nigeria Misc,18
"North Holland, Netherlands",18
Norway Misc,18
"Oleiros, Galicia, Spain",18
"Rennes, Brittany, France",18
"Reston, VA",18
"Rogers, AR",18
"Sahibzada Ajit Singh Nagar, PB, India",18
"Solana Beach, CA",18
Tunisia Misc,18
"West Bengal, India",18
"Beaverton, OR",17
"Brighton, UK",17
"Cali, Valle del Cauca, Colombia",17
"Denmark, SC",17
"Fort Worth, TX",17
"Frederiksberg, Capital Region of Denmark, Denmark",17
"Hayward, CA",17
Lithuania Misc,17
"Milwaukee, WI",17
"Minsk, Minsk Region, Belarus",17
"Mobile, AL",17
"San Antonio, TX",17
South Korea Misc,17
"South San Francisco, CA",17
"Stanford, CA",17
"Tuscany, Italy",17
"West Palm Beach, FL",17
"Zagreb, Croatia",17
"Adelaide, South Australia, Australia",16
"Alabama, US",16
"Bangalore North, KA, India",16
"Cankaya, Ankara, Turkey",16
"Concord, CA",16
"Fairfax, VA",16
"Florida City, FL",16
Georgia Misc,16
"Guadalajara, Mexico",16
"Honolulu, HI",16
"Islamabad, Pakistan",16
"Lewisville, TX",16
"Lucknow, UP, India",16
"Missouri, US",16
"Naples, FL, FL",16
"Oklahoma City, OK",16
"Palm Harbor, FL",16
"Piedmont, Italy",16
"Porto, Portugal",16
"Preston, England, UK",16
"Redmond, WA",16
"Sarasota, FL",16
"Scotland, UK",16
"South Holland, Netherlands",16
"Stockholm County, Sweden",16
"Surry Hills, New South Wales, Australia",16
Taiwan,16
"The Easy Cut, San Francisco, CA",16
"Ulm, Baden Wurttemberg, Germany",16
"Virginia, US",16
"Walnut Creek, CA",16
"Yogyakarta, Indonesia",16
"Cheyenne, WY",15
"Community of Madrid, Spain",15
"Delft, South Holland, Netherlands",15
"Douala, Littoral, Cameroon",15
"Ecublens, Fribourg, Switzerland",15
"Ernakulam, KL, India",15
"Glasgow, UK",15
"Milpitas, CA",15
"Minato City, Tokyo, Japan",15
"Mumbai Suburban, India",15
"Provence Alpes Cote d Azur, France",15
Slovenia Misc,15
"South Australia, Australia",15
"Tarrytown, NY",15
"Thiruvananthapuram, KL, India",15
"Winston-Salem, NC",15
"Asheville, NC",14
"Buffalo, NY",14
"Capital Region of Denmark, Denmark",14
"District of Columbia, US",14
"Greenwood Village, CO",14
"Grunwald, Bavaria, Germany",14
Guernsey Misc,14
"Henderson, NV",14
"JP Nagar, Bangalore, India",14
"Kanpur, UP, India",14
"Knoxville, TN",14
"Kuningan, West Java, Indonesia",14
"Lower Pacific Heights, San Francisco, CA",14
"Malad, Mumbai, India",14
"Markham, Ontario, Canada",14
"Mulund West, Mumbai, India",14
"Odisha, India",14
"Orange County, CA",14
"Orange, CA",14
"Orem, UT",14
Portugal Misc,14
"Roswell, GA",14
"Somerville, MA",14
"Venice, Los Angeles, CA",14
"Vigo, Galicia, Spain",14
"Wakefield, UK",14
"West Chester, OH",14
"West Hollywood, Los Angeles, CA",14
"Alberta, Canada",13
"Andheri West, Mumbai, India",13
"Bandra West, Mumbai, India",13
"Bandung, Indonesia",13
"Bordeaux, France",13
"Brittany, France",13
"Burlingame, CA",13
"Coral Gables, FL",13
"Dearborn, MI",13
"Durban, KwaZulu Natal, South Africa",13
"Federal Territory of Kuala Lumpur, Malaysia",13
"Florianopolis, State of Santa Catarina, Brazil",13
"Hauts de France, France",13
"Ikorodu, Lagos, Nigeria",13
"Kirkland, WA",13
"Limburg, Netherlands",13
"Milton Keynes, UK",13
"Mission Bay, San Francisco, CA",13
"Monterrey, Mexico",13
"Newport, Wales, UK",13
"Nottingham, UK",13
"Oakville, Ontario, Canada",13
"Ogden, UT",13
"Overland Park, KS",13
"Patna, BR, India",13
"Recife, State of Pernambuco, Brazil",13
Saudi Arabia Misc,13
"South Carolina, US",13
"State of Rio Grande do Sul, Brazil",13
"Udaipur, RJ, India",13
"Utah, US",13
"Wallonia, Belgium",13
"West Los Angeles, CA",13
"Amersfoort, Utrecht, Netherlands",12
"Assam, India",12
"Auvergne Rhone Alpes, France",12
"Bologna, Italy",12
Bosnia And Herzegovina Misc,12
Botswana Misc,12
"Chitwan, Bagmati Province, Nepal",12
"Chiyoda City, Japan",12
"Faridabad, HR, India",12
"Financial District, Los Angeles, CA",12
"Glendale, AZ",12
"Grand Est, France",12
"Hoboken, NJ",12
"Indiana, PA",12
"Ithaca, NY",12
"Jackson Square, San Francisco, CA",12
"Kuwait City, Kuwait",12
"Lake Mary, FL",12
"Lower Parel, Mumbai, India",12
"Mainz, Rhineland-Palatinate, Germany",12
"Malang, East Java, Indonesia",12
"Manipal, KA, India",12
"Mohali, Punjab, India",12
"Munster, North Rhine-westphalia, Germany",12
"New Hampshire, US",12
"Nouvelle Aquitaine, France",12
Pakistan Misc,12
"Showplace Square, San Francisco, CA",12
"Troy, MI",12
"Whitefield, Bangalore, India",12
"Winchester, England, UK",12
"Abruzzo, Italy",11
Bahrain Misc,11
"Bonners Ferry, ID",11
"Boomer, NC",11
"Burnley, England, UK",11
"Carrollton, TX",11
"Chandler, AZ",11
"Chelmsford, Essex, UK",11
"Chongqing, China",11
"Covent Garden, England, UK",11
"Doral, FL",11
"Englewood Cliffs, NJ",11
"Franklin, TN",11
"George Town, Malaysia",11
"Greater London, UK",11
"Hermosillo, Mexico",11
"Huntington Beach, CA",11
"Iasi, Iasi County, Romania",11
"Indian Trail, NC",11
"Inglewood, CA",11
"Jagakarsa, Jakarta, Indonesia",11
"Kathmandu, Nepal",11
"Kozhikode, KL, India",11
"Maastricht, Netherlands",11
"Madhya Pradesh, India",11
"Madison, WI",11
Mexico,11
"Mississippi, US",11
"Muscat, Oman",11
"Oakland Park, FL",11
"Oran, Oran Province, Algeria",11
"Panchkula, HR, India",11
"Portsmouth, UK",11
"Raipur, CG, India",11
"Rhineland Palatinate, Germany",11
"Richardson, TX",11
"Seongnam-si, South Korea",11
"Sonoma, CA",11
"St. Gallen, Switzerland",11
"Suva, Central Division, Fiji",11
"Thornbury, Victoria, Australia",11
Uganda Misc,11
Algeria Misc,10
"Asnieres sur Seine, Ile de France, France",10
Bahamas Misc,10
"Bayview, San Francisco, CA",10
"Belmont, Australia",10
"Bihar, India",10
"Broomfield, CO",10
"Campania, Italy",10
"Center District, Israel",10
"Clichy, Ile de France, France",10
"Costa Mesa, CA",10
"Dakar, Senegal",10
"Docklands, Victoria, Australia",10
"Draper, UT",10
"Dresden, Saxony, Germany",10
"Dublin, CA",10
"East Jakarta, Jakarta, Indonesia",10
"Fort Myers, FL",10
"Gandhinagar, GJ, India",10
"Groningen, Netherlands",10
"Herndon, VA",10
"Leeds, England, UK",10
"Masovian Voivodeship, Poland",10
"Maylands, Western Australia, Australia",10
Monaco Misc,10
"New Haven, CT",10
"Osaka, Japan",10
"Pathum Wan, Bangkok, Thailand",10
"Port Harcourt, Nigeria",10
"Presidio of San Francisco, CA",10
"Providence, RI",10
"Santa Ana, CA",10
"Saskatoon, Canada",10
"Sharjah, United Arab Emirates",10
"Sisli, Istanbul, Turkey",10
"Thessaloniki, Central Macedonia, Greece",10
"Tucson, AZ",10
"Tysons, VA",10
"Uttarakhand, India",10
"Valbonne, Provence Alpes Cote d Azur, France",10
"Vaud, Switzerland",10
"Yangon, Yangon Region, Myanmar",10
"York, England, UK",10
"Aberdeen, Scotland, UK",9
"Albany, NY",9
"Allentown, PA",9
"Ashok Nagar, Bangalore, India",9
"Augsburg, Germany",9
"Casper, WY",9
"Charleston, SC",9
"Cheltenham, Gloucestershire, UK",9
"Cow Hollow, San Francisco, CA",9
"Delaware City, DE",9
"Depok, West Java, Indonesia",9
"Evanston, IL",9
"Fillmore District, San Francisco, CA",9
"Fresno, CA",9
"Gelderland, Netherlands",9
"Georgia, US",9
"Girona, Catalonia, Spain",9
"Goregaon West, Mumbai, India",9
"Haifa, Haifa District, Israel",9
"Hertfordshire, UK",9
"Innsbruck, Austria",9
"Jupiter, FL",9
"Kanagawa, kanto, Japan",9
"Laguna Beach, CA",9
"Laguna Niguel, CA",9
"Lake Forest, CA",9
"Little Rock, AR",9
"London, Canada",9
"Nancy, Grand Est, France",9
"Naperville, IL",9
Nepal Misc,9
"Nevada, US",9
"New Brunswick, Canada",9
"Newcastle, Australia",9
"Nice, Provence Alpes Cote d Azur, France",9
"Nuremberg, Bavaria, Germany",9
"Ohio, US",9
"Overijssel, Netherlands",9
Puerto Rico Misc,9
"Sammamish, WA",9
"San Leandro, CA",9
"Sausalito, CA",9
"Scarsdale, NY",9
"Siegen, North Rhine Westphalia, Germany",9
"Skane County, Sweden",9
"South Jakarta, Jakarta, Indonesia",9
Thailand Misc,9
"Vidyavihar, Mumbai, India",9
"Walnut, CA",9
"Waterloo, Canada",9
"Aalborg, Denmark",8
"Aargau, Switzerland",8
"Agadir, Souss Massa, Morocco",8
"Agra, UP, India",8
"Ashburn, VA",8
"Baldwin Hills, Los Angeles, CA",8
"Bedford, UK",8
"Bern, Switzerland",8
"Besiktas, Istanbul, Turkey",8
"Bremen, Germany",8
"Brentwood, Los Angeles, CA",8
"Bucurestii Noi, Bucharest, Romania",8
"Carmel, IN",8
"Castro, San Francisco, CA",8
"Chattanooga, TN",8
"Cremorne, New South Wales, Australia",8
"Cuauhtemoc, Colima, Mexico",8
"Cyberjaya, Malaysia",8
"Dwarka, India",8
"Erie, PA",8
"Exeter, UK",8
"Florence, Italy",8
"Galicia, Spain",8
"Goregaon East, Mumbai, India",8
"Goteborg, Sweden",8
"Greensboro, NC",8
"Grenoble, Auvergne Rhone Alpes, France",8
"Gwalior, Madhya Pradesh, India",8
"Hellerup, Capital Region of Denmark, Denmark",8
"Kaunas, Kaunas County, Lithuania",8
"Knowledge Village, Dubai, United Arab Emirates",8
"Kurla West, Mumbai, India",8
"Liguria, Italy",8
"Mar Vista, Los Angeles, CA",8
Mexico Misc,8
"Mid-Market, San Francisco, CA",8
"Millbrae, CA",8
"Mylapore, India",8
"Myrtle Beach, SC",8
"Nantes, France",8
"Neuilly sur seine, Ile de France, France",8
"Ocala, FL",8
"Playa Vista, US",8
"Potrero Hill, San Francisco, CA",8
"Queens, New York City, NY",8
"Santacruz West, Mumbai, India",8
"Schaumburg, IL",8
"Sydney Mines, Nova Scotia, Canada",8
Tanzania Misc,8
"Thane, Mumbai, India",8
"The East Cut, San Francisco, CA",8
"Theater District, San Francisco, CA",8
"Tunis, Tunisia",8
"Union Street, San Francisco, CA",8
"Utah County, US",8
"Westchester, CA",8
"Western Australia, Australia",8
"Western Cape, South Africa",8
"Westlake Village, CA",8
"Wichita, KS",8
"Zhejiang, China",8
"Abidjan, Lagunes, Ivory Coast",7
"Al Ain, Abu Dhabi, United Arab Emirates",7
"Alicante, Valencian Community, Spain",7
"Aliso Viejo, CA",7
"Andaman and Nicobar Islands, India",7
"Andhra Pradesh, India",7
"Baar, Canton of Zug, Switzerland",7
"Breda, North Brabant, Netherlands",7
"Business Bay, Dubai, United Arab Emirates",7
"Cantabria, Spain",7
"Central Java, Indonesia",7
"Centre Val de Loire, France",7
"Cheshire, England, UK",7
"Darmstadt, Germany",7
"Dartmouth, England, UK",7
"Dublin, OH",7
"Eastern Cape, South Africa",7
"Fortaleza, State of Ceara, Brazil",7
"Freetown, Western Area, Sierra Leone",7
"Fribourg, Switzerland",7
"Garden City, NY",7
"Genoa, Liguria, Italy",7
"Gouda, South Holland, Netherlands",7
"Guildford, England, UK",7
"Guwahati, AS, India",7
"Haidian, Beijing, China",7
"Himachal Pradesh, India",7
"Hollywood, FL",7
"Irving, TX",7
"Kalyan, MH, India",7
"Kent, England, UK",7
"Kingston upon Thames, England, UK",7
"Kingston, St Andrew Parish, Jamaica",7
"Kingstown, Parish Of Saint George, Saint Vincent And The Grenadines",7
"Leipzig, Saxony, Germany",7
"Lower Austria, Austria",7
"Lund, Skane County, Sweden",7
"Maidenhead, England, UK",7
"Marlborough, MA",7
Mauritius Misc,7
"Morrisville, NC",7
"Naples, Italy",7
Nevis Misc,7
"Normandy, France",7
"North Brabant, Netherlands",7
"North Vancouver, British Columbia, Canada",7
"Northern Ireland, UK",7
"Norwalk, CA",7
"Oakville, Canada",7
"Oregon, OH",7
"Oregon, US",7
"Palm Springs, CA",7
"Pretoria, South Africa",7
"Puchong, Selangor, Malaysia",7
"Puducherry, India",7
"Rawalpindi, Pakistan",7
"Rockville, MD",7
"Salem, OR",7
"Southern Denmark, Denmark",7
Sri Lanka Misc,7
"Stamford, CT",7
"State of Santa Catarina, Brazil",7
"Stellenbosch, Western Cape, South Africa",7
"Tampere, Pirkanmaa, Finland",7
"Tangerang, Banten, Indonesia",7
"Ulaanbaatar, Mongolia",7
"Ventura, US",7
"Warrington, England, UK",7
"Ajman, United Arab Emirates",6
"Ajmer, RJ, India",6
"Ambler, PA",6
"Andalusia, Spain",6
"Apeldoorn, Netherlands",6
"Bakersfield, CA",6
"Be er Sheva, South District, Israel",6
"Bend, OR",6
"Brasilia, Federal District, Brazil",6
"Bucaramanga, Santander, Colombia",6
"Bucuresti, Ilfov County, Romania",6
"Buea, Southwest, Cameroon",6
Bulgaria Misc,6
Burkina Faso Misc,6
"Bursa, Turkey",6
"Cadiz, Andalusia, Spain",6
"Canterbury, England, UK",6
"Cascais, Lisbon, Portugal",6
"Chemnitz, Saxony, Germany",6
"Chippenham, England, UK",6
"Chuo, Tokyo, Japan",6
"Coral Springs, FL",6
"Covina, CA",6
"Curitiba, Parana, Brazil",6
"Decatur, GA",6
"Electronic City, Bangalore, India",6
"Erbil, Kurdistan Region, Iraq",6
"Erlangen, Bavaria, Germany",6
"Farnham, England, UK",6
"Flevoland, Netherlands",6
"Fort Mill, SC",6
"Foster City, CA",6
"Free State, South Africa",6
"Freiburg im Breisgau, Baden-wurttemberg, Germany",6
"Fukuoka, Japan",6
"Garching, Bavaria, Germany",6
"Gent, Belgium",6
"Heraklion, Crete, Greece",6
"Hod Hasharon, Center District, Israel",6
"Ibiza, Balearic Islands, Spain",6
"Ilinois, US",6
"Jayanagar, Bangalore, India",6
"Jharkhand, India",6
"Kalamazoo, MI",6
"Kandivali, Mumbai, India",6
"Kano, Nigeria",6
"Kelowna, British Columbia, Canada",6
"Khar, Mumbai, India",6
"Kota, RJ, India",6
"La Rochelle, Nouvelle Aquitaine, France",6
"Lawrence, IN",6
"Los Alamitos, CA",6
"Los Altos Hills, CA",6
"Lublin, Lublin Voivodeship, Poland",6
"Lucerne, Switzerland",6
"Ludhiana, Punjab, India",6
"Majuro, Marshall Islands",6
"Marrakesh, Marrakesh-Safi, Morocco",6
"Metro Manila, Philippines",6
"Montpellier, Occitanie, France",6
"Moorpark, CA",6
"Morges, Vaud, Switzerland",6
"Needham, MA",6
"New Mexico, US",6
"Nijmegen, Gelderland, Netherlands",6
"Norwich, England, UK",6
"Olathe, KS",6
"Panaji, Goa, India",6
"Peachtree Corners, GA",6
"Plymouth, England, UK",6
"Potomac, MD",6
"Quezon City, Philippines",6
"Ra anana, Center District, Israel",6
"Region of Murcia, Spain",6
"Rocklin, CA",6
"Savannah, GA",6
"Selangor, Malaysia",6
"Shinjuku, Tokyo, Japan",6
"Solihull, England, UK",6
"Taunton, England, UK",6
"The Woodlands, TX",6
"Tilburg, North Brabant, Netherlands",6
"Tirunelveli, TN, India",6
"Uppsala, Sweden",6
"Uyo, Akwa Ibom, Nigeria",6
"Viken, Norway",6
"Vorarlberg, Austria",6
"Addison, TX",5
"Admiralty, Hong Kong, China",5
"Al Sufouh, Dubai, United Arab Emirates",5
"Alkmaar, North Holland, Netherlands",5
"Altamonte Springs, FL",5
"Andheri, Maharashtra, India",5
"Annandale, MN",5
"Armonk, NY",5
"Asbury Park, NJ",5
"Ashdod, Southern District, Israel",5
"Auburn, CA",5
"Aurangabad, MH, India",5
"Avon, IN",5
Azerbaijan Misc,5
"Baja California Sur, Mexico",5
"Basel Landschaft, Switzerland",5
Belarus Misc,5
"Binyamina Giv at Ada, Haifa District, Israel",5
"Borivali, Mumbai, India",5
"Bothell, WA",5
"Bountiful, UT",5
"Brampton, Canada",5
"Brisbane City, Australia",5
"Broadway, VA",5
"Buda, TX",5
"Burbank, CA",5
"Burnaby, British Columbia, Canada",5
"Cabo San Lucas, Baja California Sur, Mexico",5
"Calabasas, CA",5
"Carson City, NV",5
"Castries, Saint Lucia",5
"Cebu City, Philippines",5
"Central Transdanubia, Hungary",5
"Chantilly, VA",5
"Chatham, Canada",5
"Chelyabinsk, Chelyabinsk Oblast, Russia",5
"City West, Los Angeles, CA",5
"College Park, MD",5
"Darwen, England, UK",5
"Davidson, NC",5
"Dayton, OH",5
"Destin, FL",5
"Dnipro, Ukraine",5
Dominican Republic Misc,5
"Downtown Los Angeles, CA",5
"Drogheda, County Louth, Ireland",5
"Dubai Logistics City, Dubai, United Arab Emirates",5
"Dubai Media City, Dubai, United Arab Emirates",5
"East Cut, San Francisco, CA",5
Ecuador Misc,5
"Fairfield, CA",5
"Farmington Hills, MI",5
"Fayetteville, AR",5
"Fishers, IN",5
"Framingham, MA",5
"Frederick, MD",5
"Funchal, Madeira, Portugal",5
"Gampaha, Western Province, Sri Lanka",5
"Genk, Flanders, Belgium",5
"Ghatkopar West, Mumbai, India",5
"Gilbert, AZ",5
"Glostrup, Capital Region of Denmark, Denmark",5
"Greece, NY",5
"Harju County, Estonia",5
"Hasselt, Flanders, Belgium",5
"Hoofddorp, North Holland, Netherlands",5
"Janakpur, Province No. 2, Nepal",5
"Jyvaskyla, Central Finland, Finland",5
"Kazan, Republic of Tatarstan, Russia",5
"Konstanz, Baden Wurttemberg, Germany",5
"Kumasi, Ashanti Region, Ghana",5
"Kurla, Mumbai, India",5
"Kwun Tong, Hong Kong, China",5
"Labege, Occitanie, France",5
"Lake Oswego, OR",5
"Las Condes, Santiago Metropolitan Region, Chile",5
Latvia Misc,5
"Leawood, KS",5
Lebanon Misc,5
"Leon, Guanajuato, Mexico",5
"Lindon, UT",5
"Ljubljana, City Municipality of Ljubljana, Slovenia",5
"Loughborough, England, UK",5
"Manisa, Turkey",5
"Marche, Italy",5
"Marina del Rey, CA",5
"Marina District, San Francisco, CA",5
"Marlow, England, UK",5
"Miguel Hidalgo, Mexico City, Mexico",5
"Milton, Ontario, Canada",5
"Mogadishu, Banaadir, Somalia",5
"Moscow Oblast, Russia",5
"Napa, CA",5
"Nellore, AP, India",5
"North Dakota, US",5
"North Waterfront, San Francisco, CA",5
"Northampton, England, UK",5
Palestine Misc,5
"Palm Beach Gardens, FL",5
"Pasadena, CA",5
"Perpignan, France",5
"Praha, Banska Bystrica Region, Slovakia",5
"Provo, UT",5
"Puebla, Mexico",5
"Quincy, MA",5
"Ramsey, NJ",5
"Ranchi, JH, India",5
"Ras Al-khaimah, Ras Al Khaymah, United Arab Emirates",5
"Reading, UK",5
"Region Zealand, Denmark",5
Republic Of Congo Misc,5
"Richmond Hill, Ontario, Canada",5
"Ris Orangis, Ile de France, France",5
"Roseville, CA",5
Rwanda Misc,5
"Salzburg, Austria",5
"Sandy, UT",5
"Sanford, NC",5
"Sherwood Park, Alberta, Canada",5
"Shinjuku City, Japan",5
"South Park, Los Angeles, CA",5
"Spring Valley, NY",5
"Springfield, NE",5
"Srinagar, Jammu and Kashmir, India",5
"St Kilda, Victoria, Australia",5
"Stavanger, Rogaland, Norway",5
"Stockport, England, UK",5
"Surrey, Canada",5
"Tan Binh, Tinh Lao Cai, Vietnam",5
"Tardeo, Mumbai, India",5
"Tema, Greater Accra Region, Ghana",5
"Torrevieja, Valencian Community, Spain",5
"Trentino South Tyrol, Italy",5
"Varna, Bulgaria",5
"Vaughan, Ontario, Canada",5
"Vijayawada, Andhra Pradesh, India",5
"Vikhroli West, Mumbai, India",5
"Virginia Beach, VA",5
"Watthana, Bangkok, Thailand",5
"Wayne, PA",5
"Wellesley, MA",5
"Westwood, Los Angeles, CA",5
"Wexford, PA",5
"Worli, Mumbai, India",5
"Yokohama, Japan",5
"Abuya, Nigeria",4
"Al Soufouh, Dubai, United Arab Emirates",4
"Albuquerque, NM",4
"Amritsar, Punjab, India",4
"Anaheim, CA",4
"Anderlecht, Brussels, Belgium",4
"Andheri East, India",4
"Antalya, Turkey",4
"Apulia, Italy",4
"Ariana, Ariana Governorate, Tunisia",4
"Armagh, Northern Ireland, UK",4
"Asaba, Delta, Nigeria",4
"Aurora, CO",4
"Australian Capital Territory, Australia",4
"Bahawalpur, Punjab, Pakistan",4
"Bali, Indonesia",4
"Bandar Seri Begawan, Brunei Muara District, Brunei",4
"Bath, England, UK",4
Belize Misc,4
Benin Misc,4
"Beverly Hills, Los Angeles, CA",4
"Bialystok, Podlaskie Voivodeship, Poland",4
"Bilaspur, Chhattisgarh, India",4
"Bozeman, MT",4
"Brea, CA",4
"Brentwood, TN",4
"Brookland, AR",4
"Calabarzon, Philippines",4
"Canary Islands, Spain",4
"Caracas, Capital District, Venezuela",4
"Carlsbad, CA",4
"Cedar Park, TX",4
"Claremont, CA",4
"Colchester, England, UK",4
"College Station, TX",4
"Coventry, England, UK",4
"Damascus, Damascus Governorate, Syria",4
"Dammam, Eastern Province, Saudi Arabia",4
"Delaware, CA",4
"Denmark, US",4
"Dhaka Division, Bangladesh",4
"Dogpatch, San Francisco, CA",4
"Dunedin, Otago, New Zealand",4
"Edmeston, NY",4
"Faisalabad, Punjab, Pakistan",4
"Federal Capital Territory, Nigeria",4
"Fullerton, CA",4
"Great Neck, NY",4
"Greater Accra Region, Ghana",4
"Guanajuato, Mexico",4
"Gyeonggi do, South Korea",4
"Hamilton, NJ",4
"Harrisburg, PA",4
"Heidelberg, Baden-wurttemberg, Germany",4
"High Wycombe, Buckinghamshire, UK",4
"Hsinchu, Northern Taiwan, Taiwan",4
"Incheon, South Korea",4
"Incline Village, NV",4
"Istria County, Croatia",4
"Jerusalem, Jerusalem District, Israel",4
"Jodhpur, RJ, India",4
"Johor Bahru, Johor, Malaysia",4
"Kennesaw, GA",4
"Koramangala, Bagalore, India",4
"Kosice, Kosice Region, Slovakia",4
"Kota Kinabalu, Sabah, Malaysia",4
"Kyiv Oblast, Ukraine",4
"Lansing, MI",4
"Leicester, England, UK",4
"Londonderry, NH",4
"Louisiana, US",4
"Lublin Voivodeship, Poland",4
"Lynden, WA",4
"Lyngby, Capital Region of Denmark, Denmark",4
"Mckinney, TX",4
"Merida, Venezuela",4
"Milam, TX",4
"Milford, MA",4
"Murfreesboro, TN",4
"Niles, IL",4
"Palakkad, Kerala, India",4
"Palmetto, FL",4
"Pendik, Istanbul, Turkey",4
"Playa Vista, Los Angeles, CA",4
"Pleasant Grove, UT",4
"Puerto Princesa, Mimaropa, Philippines",4
Qatar Misc,4
"Queenstown, Otago, New Zealand",4
"Regina, Saskatchewan, Canada",4
"Ridgewood, NJ",4
"Rouen, Normandy, France",4
"s Hertogenbosch, North Brabant, Netherlands",4
"Samara, Samara Oblast, Russia",4
"San Carlos, CA",4
"Santa Fe Springs, CA",4
"Santa Fe, NM",4
"Sarıyer, Istanbul, Turkey",4
"Saxony, Germany",4
"Shah Alam, Selangor, Malaysia",4
"Silesian Voivodeship, Poland",4
"Sion, Valais, Switzerland",4
Somalia Misc,4
"South Jordan, UT",4
"State of Bahia, Brazil",4
"State of Parana, Brazil",4
"Stockton, CA",4
"Sugar Land, TX",4
Trinidad And Tobago Misc,4
"Trnava, Trnava Region, Slovakia",4
"Tsim Sha Tsui, Hong Kong, China",4
"Ulsan, South Korea",4
"Woodbridge Township, NJ",4
"Worcester, England, UK",4
"Wyoming, MI",4
"Zelenograd, Moscow, Russia",4
"Al Qusais, Dubai, United Arab Emirates",3
"Altrincham, England, UK",3
"Banting, Selangor, Malaysia",3
"Basel, Switzerland",3
"Basque Country, Spain",3
"Beykoz, Istanbul, Turkey",3
"Bielefeld, North Rhine Westphalia, Germany",3
"Blandford Forum, England, UK",3
"Bloomfield Hills, MI",3
"Bloomington, IN",3
"Bolton, England, UK",3
"Bradford, England, UK",3
"Braunschweig, Lower Saxony, Germany",3
"Bridgend, Wales, UK",3
"Central Denmark Region, Denmark",3
"Central Luzon, Philippines",3
"Charlestown, Saint Paul Charlestown Parish, Saint Kitts And Nevis",3
"Chattogram, Chittagong Division, Bangladesh",3
"Cherry Hill, NJ",3
"Chester, England, UK",3
"Chhattisgarh, India",3
"Coeur d'Alene, ID",3
"Cranbury, NJ",3
"Croydon, England, UK",3
"Cundinamarca, Colombia",3
"Darjeeling, West Bengal, India",3
"Deira, Dubai, United Arab Emirates",3
"Douglas, Isle Of Man, UK",3
"Encinitas, CA",3
"Enschede, Overijssel, Netherlands",3
"Eschborn, State of Hessen, Germany",3
Ethiopia Misc,3
"Fort Washington, PA",3
"Fort Wayne, IN",3
"Friesland, Netherlands",3
"Gatineau, Quebec, Canada",3
"Gdansk, Pomeranian Voivodeship, Poland",3
"Guangzhou, China",3
"Guayaquil, Guayas, Ecuador",3
"Hampton, VA",3
"Hawthorn, Victoria, Australia",3
"Hayes, England, UK",3
"Hollywood, CA",3
"Hudson, OH",3
"Hyogo, Japan",3
"Illinois City, IL",3
"Internet City, Dubai, United Arab Emirates",3
"Isfahan, Isfahan Province, Iran",3
"Izhevsk, Udmurt Republic, Russia",3
"Jackson, WY",3
Jamaica Misc,3
"Jamshedpur, Jharkhand, India",3
"Joao Pessoa, State of Paraiba, Brazil",3
"Junagadh, Gujarat, India",3
"Kadikoy, Yalova, Turkey",3
"Kannur, Kerala, India",3
"Kansas, US",3
"Kebayoran Baru, Jakarta, Indonesia",3
"Kissimmee, FL",3
"Kitchener, Canada",3
"Kolhapur, MH, India",3
"Kortrijk, Flanders, Belgium",3
"Krasnodar Krai, Russia",3
Kuwait Misc,3
"Lathrop, CA",3
"Leiden, South Holland, Netherlands",3
"Lilongwe, Central Region, Malawi",3
"Lisboa, Portugal",3
"Lodz, Lodz Voivodeship, Poland",3
"Lohne, North Rhine Westphalia, Germany",3
"Lome, Maritime Region, Togo",3
"Maadi, Cairo Governorate, Egypt",3
"Magnolia, TX",3
"Manama, Capital Governorate, Bahrain",3
"Mangalore, Karnataka, India",3
"Marietta, GA",3
"Matara, Southern Province, Sri Lanka",3
"Midland, TX",3
"Miemachi, Mie, Japan",3
"Minnetonka, MN",3
"Multan, Punjab, Pakistan",3
"Mumbai, India",3
"Nagercoil, Tamil Nadu, India",3
"Ndola, Copperbelt Province, Zambia",3
"Newcastle Upon Tyne, England, UK",3
"North Denmark Region, Denmark",3
"Novosibirsk, Novosibirsk Oblast, Russia",3
"Nuevo Leon, Mexico",3
"Odense, Region of Southern Denmark, Denmark",3
"Osijek, Osijek Baranja County, Croatia",3
"Oulu, North Ostrobothnia, Finland",3
"Padua, Veneto, Italy",3
"Palma, Balearic Islands, Spain",3
"Pasig, Metro Manila, Philippines",3
"Penza, Penza Oblast, Russia",3
"Perm, Perm Krai, Russia",3
"Plainville, CT",3
Poland Misc,3
"Portugalete, Basque Country, Spain",3
"Providencia, Santiago Metropolitan Region, Chile",3
"Pudong, Shanghai, China",3
"Puurs, Flanders, Belgium",3
"Queretaro, Mexico",3
"Rijeka, Primorje Gorski Kotar County, Croatia",3
"Riyadh Province, Saudi Arabia",3
"Rochdale, England, UK",3
"Rosenheim, Bavaria, Germany",3
"Roubaix, Hauts de France, France",3
"Rutherfordton, NC",3
"Saffron Walden, England, UK",3
"Saint Louis, MO",3
"Salisbury, South Australia, Australia",3
"Santa Rosa, CA",3
"Santiago De Queretaro, Queretaro, Mexico",3
"Scarborough, Ontario, Canada",3
"Selcuklu, Konya, Turkey",3
"Semarang, Central Java, Indonesia",3
Serbia Misc,3
"Shanxi, China",3
"Shrewsbury, MA",3
"Sibiu, Romania",3
"Sidoarjo, East Java, Indonesia",3
"Sleman, Special Region of Yogyakarta, Indonesia",3
"Somerset West, Western Cape, South Africa",3
"South Eastern Region, Malta",3
"South Melbourne, Victoria, Australia",3
"St Gallen, Switzerland",3
"Stevenage, England, UK",3
"Strasbourg, Grand Est, France",3
"Styria, Austria",3
"Swindon, England, UK",3
"Tacoma, WA",3
"Tangier, Tanger Tetouan Al Hoceima, Morocco",3
"Tartu, Estonia",3
"Terrassa, Catalonia, Spain",3
"Toledo, OH",3
"Toluca, State of Mexico, Mexico",3
"Tromso, Troms og Finnmark, Norway",3
"Tullamarine, Victoria, Australia",3
"Tyler, TX",3
"Uberlandia, State of Minas Gerais, Brazil",3
"Umraniye, Istanbul, Turkey",3
"Upper Austria, Austria",3
"Uskudar, Istanbul, Turkey",3
Uzbekistan Misc,3
"Vaduz, Liechtenstein",3
"Vaxjo, Kronoberg County, Sweden",3
"Villach, Carinthia, Austria",3
"Wan Chai, Hong Kong, China",3
"West Java, Indonesia",3
"Wiesbaden, Hesse, Germany",3
"Willemstad, Curacao, Curacao",3
"Wilton, CT",3
"Wisconsin, US",3
"Worthing, England, UK",3
"Wuxi, Jiangsu, China",3
"Yaounde, Centre, Cameroon",3
"Yongin si, Gyeonggi do, South Korea",3
"Zaventem, Flanders, Belgium",3
"Zeeland, Netherlands",3
"Aceh, Indonesia",2
"Alaska, US",2
Albania Misc,2
"Alpnach, Obwalden, Switzerland",2
"Amarillo, TX",2
"Amravati, MH, India",2
"Anand, Gujarat, India",2
"Andover, England, UK",2
"Annapolis, MD",2
"Apopka, FL",2
"Asturias, Spain",2
"Aulnay sous Bois, Ile de France, France",2
"Aveiro, Aveiro District, Portugal",2
"Aventura, FL",2
"Avondale, AZ",2
"Balneario Camboriu, State of Santa Catarina, Brazil",2
"Bandar Bushehr, Bushehr Province, Iran",2
"Bandra East, Mumbai, India",2
"Bang Rak, Bangkok, Thailand",2
"Bardez, Goa, India",2
"Baripada, Odisha, India",2
"Basildon, England, UK",2
"Basseterre, Saint Kitts And Nevis",2
"Batam, Riau Islands, Indonesia",2
"Belem, State of Para, Brazil",2
"Benin City, Nigeria",2
"Bentonville, AR",2
"Bergamo, Lombardy, Italy",2
"Bethlehem, PA",2
"Brandon, FL",2
"Brescia, Lombardy, Italy",2
"Bridgeport, CT",2
"Bridgeview, IL",2
"Brough, England, UK",2
"Brunswick, Victoria, Australia",2
"Bukit Mertajam, Penang, Malaysia",2
"Burgas, Bulgaria",2
"Cambridge, MA",2
Cameroon Misc,2
"Campinas, Sao Paulo, Brazil",2
"Carlton, Victoria, Australia",2
"Caslav, Central Bohemian Region, Czech Republic",2
"Castellon de la Plana, Valencian Community, Spain",2
"Central Region, Malta",2
"Central Square, NY",2
"Champigny sur Marne, Ile de France, France",2
"Chandigarh, India",2
"Chaoyang, Beijing, China",2
"Chengdu, Sichuan Sheng, China",2
"Chiang Mai, Thailand",2
"Chorley, England, UK",2
"Coppell, TX",2
Costa Rica Misc,2
"Cranberry Township, PA",2
"Cranfield, Central Bedfordshire, UK",2
"Cumming, GA",2
"Cusco, Peru",2
"Danvers, MA",2
"Darien, CT",2
"Daytona Beach, FL",2
"Delray Beach, FL",2
"Derby, England, UK",2
"Devon, PA",2
"Dewas, Madhya Pradesh, India",2
"Dhanbad, Jharkhand, India",2
"Divinopolis, State of Minas Gerais, Brazil",2
"Dollard Des Ormeaux, Quebec, Canada",2
"Dover, NH",2
"Driffield, England, UK",2
"Düsseldorf, Germany",2
"Eastleigh, England, UK",2
"Easton, MD",2
"Edgewater, NJ",2
"Edison, NJ",2
"Eger, Northern Hungary, Hungary",2
"Elk Grove Village, IL",2
"Eluru, Andhra Pradesh, India",2
"Ely, England, UK",2
"Epalinges, Vaud, Switzerland",2
"Erode, Tamil Nadu, India",2
"Escazu, San Jose Province, Costa Rica",2
"Essendon, Victoria, Australia",2
"Estero, FL",2
"Evansville, IN",2
"Falmouth, ME",2
"Feasterville Trevose, PA",2
"Filderstadt, Baden Wurttemberg, Germany",2
"Flemington, NJ",2
"Fort Collins, CO",2
"Fort, Mumbai, India",2
"Fredericksburg, VA",2
"Freising, Bavaria, Germany",2
"Galway, Connaught, Ireland",2
"Gaza, Gaza Strip, Palestine",2
"Gdynia, Poland",2
"Gebze, Kocaeli, Turkey",2
"Georgiana, AL",2
"Givatayim, Tel Aviv, Israel",2
"Glen Allen, VA",2
"Godalming, England, UK",2
"Goppingen, Baden Wurttemberg, Germany",2
"Goregaon, Maharashtra, India",2
"Grand Cayman, Cayman Islands",2
"Greensburg, PA",2
"Grevenbroich, North Rhine Westphalia, Germany",2
"Gribskov, Capital Region of Denmark, Denmark",2
"Gujrat, Punjab, Pakistan",2
"Gulfport, FL",2
Guyana Misc,2
"Hallandale Beach, FL",2
"Halle, Saxony-anhalt, Germany",2
"Hamilton, New Zealand, Waikato, New Zealand",2
"Hastings, England, UK",2
"Haywards Heath, England, UK",2
"Heredia, Heredia Province, Costa Rica",2
"Hilden, North Rhine Westphalia, Germany",2
"Hisar, Haryana, India",2
"Hobart, Tasmania, Australia",2
"Horsham, England, UK",2
"Howrah, West Bengal, India",2
"Huai Khwang, Bangkok, Thailand",2
"Hubli, Karnataka, India",2
"Ibadan, Oyo, Nigeria",2
"Idaho, US",2
"Ilford, England, UK",2
"Ilorin, Kwara, Nigeria",2
Iraq Misc,2
"Ivanovo, Ivanovskaya Oblast, Russia",2
"Ixelles, Brussels, Belgium",2
"Izmir Province, Turkey",2
"Jabalpur, MP, India",2
"Jacksonville Beach, FL",2
"Jalandhar, Punjab, India",2
"Jalgaon, Maharashtra, India",2
"Jhalawar, Rajasthan, India",2
"Jinzhong, Shanxi, China",2
"Kaduna, Nigeria",2
"Kaiserslautern, Rhineland Palatinate, Germany",2
"Kalmar, Kalmar County, Sweden",2
"Karlstad, Varmland County, Sweden",2
"Kartal, Istanbul, Turkey",2
"Katy, TX",2
"Kenosha, WI",2
"Kensington, England, UK",2
"Kharkiv, Kharkiv Oblast, Ukraine",2
"Kihei, HI",2
"Konya, Turkey",2
"Kurunegala, North Western Province, Sri Lanka",2
"KwaZulu Natal, South Africa",2
Kyrgyzstan Misc,2
"Lafayette, CA",2
"Lake Stevens, WA",2
"Lakeland, FL",2
"Lakewood Township, NJ",2
"Lakewood, CO",2
"Lalitpur, Bagmati Province, Nepal",2
"Lancaster, PA",2
"Landshut, Bavaria, Germany",2
"Lanham, MD",2
"Lanzhou, Gansu, China",2
"Le Mans, Pays de la Loire, France",2
"Le Plessis Robinson, Ile de France, France",2
"Leigh on Sea, England, UK",2
"Leiria, Leiria District, Portugal",2
"Lesser Poland Voivodeship, Poland",2
"Lititz, PA",2
"Littleton, CO",2
"Livermore, CA",2
"Londrina, State of Parana, Brazil",2
"Longueuil, Quebec, Canada",2
"Longwood, FL",2
"Los Gatos, CA",2
"Luanda, Luanda Province, Angola",2
"Lviv, Lviv Oblast, Ukraine",2
"Macclesfield, England, UK",2
"Macon, GA",2
"Maha Sarakham, Thailand",2
"Maitland, FL",2
"Makassar, South Sulawesi, Indonesia",2
"Makkah Province, Saudi Arabia",2
Malawi Misc,2
Maldives Misc,2
"Malvern, England, UK",2
"Manipur, India",2
"Mansoura, Dakahlia Governorate, Egypt",2
"Maple Grove, MN",2
"Mar del Plata, Buenos Aires Province, Argentina",2
"Maribor, City Municipality of Maribor, Slovenia",2
"Maringa, State of Parana, Brazil",2
"Marlboro, NJ",2
"Marmara Region, Turkey",2
"Maslak, Istanbul, Turkey",2
"Mason, OH",2
Mauritania Misc,2
"Medan, North Sumatra, Indonesia",2
"Meerbusch, North Rhine Westphalia, Germany",2
"Mesquite, NV",2
"Metz, Grand Est, France",2
"Middlesbrough, UK",2
"Middlesex, NJ",2
"Midlothian, VA",2
"Minna, Niger, Nigeria",2
"Mirpur, Dhaka Division, Bangladesh",2
"Mombasa, Mombasa County, Kenya",2
Mongolia Misc,2
"Monrovia, CA",2
"Montana, US",2
"Montgomery, AL",2
"Mooresville, NC",2
"Morelos, Mexico",2
"München, Germany",2
"Nablus, Palestine",2
"Nagoya, Aichi, Japan",2
"Nairobi County, Kenya",2
"Namakkal, TN, India",2
"Nanjing, Jiangsu, China",2
"Nebraska, US",2
"Ness Ziona, Center District, Israel",2
"Netanya, Central District, Israel",2
"Neu Isenburg, State of Hessen, Germany",2
"New Port Richey, FL",2
"Newhaven, England, UK",2
"Ningbo, Zhejiang, China",2
"North Bergen, NJ",2
"North Brunswick, NJ",2
"Olpe, North Rhine Westphalia, Germany",2
"Oradea, Bihor County, Romania",2
"Osogbo, Osun, Nigeria",2
"Oxfordshire, UK",2
"Paderborn, North Rhine-westphalia, Germany",2
Paraguay Misc,2
"Parana, Estado Do Espirito Santo, Brazil",2
"Parker, CO",2
"Parsippany Troy Hills, NJ",2
"Peachtree City, GA",2
"Pembroke Pines, FL",2
"Penang, Malaysia",2
"Peterborough, England, UK",2
"Pewaukee, WI",2
"Phuket, Thailand",2
"Pichincha, Pastaza Province, Ecuador",2
"Pietermaritzburg, KwaZulu Natal, South Africa",2
"Pinheiros, State of Sao Paulo, Brazil",2
"Plainfield, IL",2
"Podkarpackie Voivodeship, Poland",2
"Poltava, Poltava Oblast, Ukraine",2
"Poole, England, UK",2
"Port Louis, Port Louis District, Mauritius",2
"Port St Lucie, FL",2
"Porterville, CA",2
"Prague, Czech Republic",2
"Pulau Pinang, George Town, Malaysia",2
"Pully, Vaud, Switzerland",2
"Punjab, Pakistan",2
"Rabat Sale Kenitra, Morocco",2
"Ranga Reddy, Telangana, India",2
"Ratchathewi, Bangkok, Thailand",2
"Ratnapura, Sabaragamuwa Province, Sri Lanka",2
"Redditch, England, UK",2
"Reggio Emilia, Emilia-Romagna, Italy",2
"Rhineland-Palatinate, Germany",2
"Rhode Island, US",2
"Riverside, CA",2
"Road Town, British Virgin Islands",2
"Rock Hill, SC",2
"Rockford, IL",2
"Rockwall, TX",2
"Roeselare, Flanders, Belgium",2
"Romana, Sardinia, Italy",2
"Roorkee, UK, India",2
"Rosario, Santa Fe Province, Argentina",2
"Rovigo, Veneto, Italy",2
"Ruggell, Liechtenstein",2
"Rupnagar, Punjab, India",2
"Saint Helier, St Helier, Jersey",2
"Saint laurent, Quebec, Canada",2
"Salamanca, Castile and Leon, Spain",2
"San Angelo, TX",2
"San Clemente, CA",2
"San Rafael, CA",2
"San Salvador, Departamento De San Salvador, El Salvador",2
"Sandusky, OH",2
"Sangli, Maharashtra, India",2
"Sant Cugat del Valles, Catalonia, Spain",2
"Santa Cruz de Tenerife, Canary Islands, Spain",2
"Santa Cruz, CA",2
"Santiago Metropolitan Region, Chile",2
"Sao Jose Dos Campos, State of Sao Paulo, Brazil",2
"Sapporo, Hokkaido, Japan",2
"Saratoga Springs, NY",2
"Sarawak, Malaysia",2
"Sarpsborg, Viken, Norway",2
"Satna, Madhya Pradesh, India",2
"Saxony-anhalt, Germany",2
"Secunderabad, Telangana, India",2
"Setagaya, Tokyo, Japan",2
"Sevenoaks, England, UK",2
Seychelles Misc,2
"Shandong, China",2
"Shelby, MI",2
"Shelton, CT",2
"Shibuya City, Tokyo, Japan",2
"Sindh, Pakistan",2
"Sintra, Lisbon, Portugal",2
"Skopje, Macedonia",2
"Sliema, Central Region, Malta",2
"Sousse, Tunisia",2
"Spring, TX",2
"St Albans, England, UK",2
"Stafford, England, UK",2
"State of Para, Brazil",2
"State of Rio Grande do Norte, Brazil",2
"Subang Jaya, Selangor, Malaysia",2
"Suwon-si, South Korea",2
"Szabolcs Szatmar Bereg, Hungary",2
"Szczecin, West Pomeranian Voivodeship, Poland",2
"Taguig, National Capital Region, Philippines",2
"Tashkent, Tashkent Region, Uzbekistan",2
"Tauranga, Bay Of Plenty, New Zealand",2
"Teresina, State of Piaui, Brazil",2
"Thornhill, Ontario, Canada",2
"Thousand Oaks, CA",2
"Thrissur, Kerala, India",2
"Thurgau, Switzerland",2
"Timisoara, Timis County, Romania",2
"Tomsk, Tomsk Oblast, Russia",2
"Torquay, Victoria, Australia",2
"Torrance, CA",2
"Treasure Island, FL",2
"Treviso, Veneto, Italy",2
"Tsuen Wan, Hong Kong, China",2
"Tyne and Wear, England, UK",2
"Udine, Friuli Venezia Giulia, Italy",2
"Ufa, Republic of Bashkortostan, Russia",2
"Uusimaa, Finland",2
"Valasske Mezirici, Zlin Region, Czech Republic",2
"Valle del Cauca, Colombia",2
"Vasanth Nagar, Bangalore, India",2
"Velachery, India",2
"Vernon, CT",2
"Victoria, Australia",2
"Vile Parle, Mumbai, India",2
"Vilnius County, Lithuania",2
"Vilvoorde, Flanders, Belgium",2
"Vitacura, Santiago Metropolitan Region, Chile",2
"Waddinxveen, South Holland, Netherlands",2
"Walsall, England, UK",2
"Waregem, Flanders, Belgium",2
"Waterbury, CT",2
"Wesley Chapel, FL",2
"West Jakarta, Jakarta, Indonesia",2
"West Virginia, US",2
"Westbury, NY",2
"Westport, CT",2
"Whitby, Ontario, Canada",2
"Wildeshausen, Lower Saxony, Germany",2
"Wilkes Barre, PA",2
"Windermere, FL",2
"Witten, North Rhine Westphalia, Germany",2
"Worthington, MN",2
"Wuhan, China",2
"Wurzburg, Bavaria, Germany",2
"Yamuna Nagar, Haryana, India",2
"Yuseong District, Hoseo, South Korea",2
Zambia Misc,2
"Zuid Holland, Netherlands",2
"Zuidland, South Holland, Netherlands",2
"Aguascalientes, Mexico",1
"Airdrie, Alberta, Canada",1
"Al Karama, Dubai, United Arab Emirates",1
"Al Mankhool, Dubai, United Arab Emirates",1
"Alameda, CA",1
"Alba County, Romania",1
"Aligarh, Uttar Pradesh, India",1
"Alimosho, Lagos, Nigeria",1
"Alor Setar, Kedah, Malaysia",1
"Alpha, MN",1
"Alpine, UT",1
"Alsip, IL",1
"Altona, Victoria, Australia",1
"Alvarado, TX",1
"Alytus, Alytus County, Lithuania",1
"American Fork, UT",1
"Amherst, NY",1
"Amstelveen, North Holland, Netherlands",1
"Ancaster, Ontario, Canada",1
"Apache Junction, AZ",1
"Aradippou, Larnaca District, Cyprus",1
"Arauca, Colombia",1
"Arges County, Romania",1
"Arica, Arica y Parinacota, Chile",1
"Arima, Arima Borough Corporation, Trinidad And Tobago",1
"Arlington Heights, IL",1
Armenia Misc,1
"Asheboro, NC",1
"Astana, Astana Qalasy, Kazakhstan",1
"Atherton, CA",1
"Auburn Hills, MI",1
"Azeitao, Lisbon, Portugal",1
"Babson Park, FL",1
"Baden Baden, Baden Wurttemberg, Germany",1
"Bailey, CO",1
"Bakers Hill, Western Australia, Australia",1
"Balochistan, Pakistan",1
"Bamako, Bamako Capital District, Mali",1
"Bang Lamung, Chon Buri, Thailand",1
"Bang Sue, Bangkok, Thailand",1
"Banten, Indonesia",1
"Barrie, Ontario, Canada",1
"Bashkortostan, Republic of Bashkortostan, Russia",1
"Bathinda, Punjab, India",1
"Bayside, NY",1
"Bayswater, Victoria, Australia",1
"Beachmont, St. Vincent & Grenadines",1
"Beaver Falls, PA",1
"Bekasi, West Java, Indonesia",1
"Belize City, Belize",1
"Bellaire, TX",1
"Bellefonte, PA",1
"Bellflower, CA",1
"Bengkulu, Indonesia",1
"Bensalem, PA",1
"Bet Shemesh, Jerusalem District, Israel",1
"Beveren, Flemish Region, Belgium",1
"Bhuj, Gujarat, India",1
"Blainville, Quebec, Canada",1
"Bnei Brak, Tel Aviv District, Israel",1
"Boca del Rio, Veracruz, Mexico",1
"Bogor, West Java, Indonesia",1
"Bogura, Rajshahi Division, Bangladesh",1
"Bonita Springs, FL",1
"Bonney Lake, WA",1
"Bonsall, CA",1
"Boralesgamuwa, Western Province, Sri Lanka",1
"Bordj Bou Arreridj, Bordj Bou Arreridj Province, Algeria",1
"Borehamwood, England, UK",1
"Bornova, Izmir Province, Turkey",1
"Boronia, Victoria, Australia",1
"Botany, Australia",1
"Bouira, Bouira Province, Algeria",1
"Boulevard, CA",1
"Bowie, MD",1
"Braga, Braga District, Portugal",1
"Broken Arrow, OK",1
"Brookhaven, GA",1
"Brumunddal, Innlandet, Norway",1
"Brunei Muara District, Brunei",1
"Bruxelles, Belgium",1
"Bryansk, Bryansk Oblast, Russia",1
"Bryn Athyn, PA",1
"Bucheon-si, Gyeonggi-do, South Korea",1
"Buena Park, CA",1
"Buffalo Grove, IL",1
"Bukit Merah, Singapore",1
"Bulleen, Victoria, Australia",1
"Bulverde, TX",1
"Bundoora, Victoria, Australia",1
"Bur Dubai, United Arab Emirates",1
"Burnsville, NC",1
"Busan, South Korea",1
"Bussum, North Holland, Netherlands",1
"Butwal, Lumbini Province, Nepal",1
"Byron Bay, Australia",1
"Caledon, Ontario, Canada",1
"Camberwell, Victoria, Australia",1
Cambodia Misc,1
"Camden, NJ",1
"Camp Hill, PA",1
"Cancun, Quintana Roo, Mexico",1
"Canyon, TX",1
"Carlstadt, NJ",1
"Carmel Valley, CA",1
"Cartago, Cartago Province, Costa Rica",1
"Cary, NC",1
"Cashion, OK",1
"Casselberry, FL",1
"Castelo Branco, Castelo Branco District, Portugal",1
"Castorland, NY",1
"Cedar City, UT",1
"Cedar Rapids, IA",1
"Cedarhurst, NY",1
"Cengkareng, Jakarta, Indonesia",1
"Centerville, UT",1
"Centro, Portugal",1
"Cerritos, CA",1
"Chambersburg, PA",1
"Changhua, Changhua County, Taiwan",1
"Chapultepec, Estado De Mexico, Mexico",1
"Chatuchak, Bangkok, Thailand",1
"Cheras, Malaysia",1
"Cherkasy, Cherkasy Oblast, Ukraine",1
"Chiapas, Mexico",1
"Chico, CA",1
"Chihuahua, Mexico",1
"Chonburi, Thailand",1
"Ciudad Del Carmen, Campeche, Mexico",1
"Clark, NJ",1
"Clayton North, Victoria, Australia",1
"Clermont, FL",1
"Cobble Hill, British Columbia, Canada",1
"Cochabamba, Cochabamba Department, Bolivia",1
"Cocoa Beach, FL",1
"Coconut Creek, FL",1
"Colfax, CA",1
"Collegeville, PA",1
"Collierville, TN",1
"Colorado City, TX",1
"Columbia Station, OH",1
"Commerce, CA",1
"Concepcion, Bio Bio, Chile",1
"Constanța County, Romania",1
"Conyers, GA",1
"Cooper City, FL",1
"Coquitlam, British Columbia, Canada",1
"Corona, CA",1
Cote d'Ivoire Misc,1
"Cotonou, Littoral Department, Benin",1
"Coupeville, WA",1
"Couva, Couva Tabaquite Talparo Regional Corporation, Trinidad And Tobago",1
"Crawford, CO",1
"Crimea, Ukraine",1
Croatia Misc,1
"Crystal Lake, IL",1
"Cucuta, North Santander, Colombia",1
"Cuenca, Azuay, Ecuador",1
"Cumberland, MD",1
"Cuttack, OR, India",1
"Cypress, TX",1
"Dacula, GA",1
"Daejeon, South Korea",1
"Dakota, IL",1
"Dalton, GA",1
"Daly City, CA",1
"Danbury, CT",1
"Davao City, Philippines",1
"David, Chiriqui Province, Panama",1
"Deerfield Beach, FL",1
"Deerfield, IL",1
"Dekalb, IL",1
"Deland, FL",1
"Denpasar, Bali, Indonesia",1
"Denton, TX",1
"Deokjin gu, North Jeolla, South Korea",1
"Dera Ismail Khan, Khyber Pakhtunkhwa, Pakistan",1
"Dhangadhi, Sudurpashchim Province, Nepal",1
"Douglasville, GA",1
"Downers Grove, IL",1
"Drenthe, Netherlands",1
"Dubai Production City, Dubai, United Arab Emirates",1
"Dubendorf, Zurich, Switzerland",1
"Dubuque, IA",1
"Dunajska Luzna, Bratislava Region, Slovakia",1
"Eagle, ID",1
"East Java, Indonesia",1
"East Northport, NY",1
"Eastern Province, Saudi Arabia",1
"Eastvale, CA",1
"Ebene City, Mauritius",1
"Egkomi, Nicosia, Cyprus",1
"El Cajon, CA",1
"El Dorado Hills, CA",1
"El Paso, TX",1
"Elgin, IL",1
"Elk Grove, CA",1
"Elmhurst, IL",1
"Embrun, Ontario, Canada",1
"Emerald, Victoria, Australia",1
"Emmen, Drenthe, Netherlands",1
"Encino, Los Angeles, CA",1
"Ericeira, Lisboa, Portugal",1
"Esch sur Alzette, Luxembourg, Luxembourg",1
"Escondido, CA",1
"Espana, Durango, Mexico",1
"Esposende, Braga District, Portugal",1
"Estreito da Calheta, Madeira, Portugal",1
"Eustis, FL",1
"Everett, WA",1
"Evergreen, CO",1
"Extremadura, Spain",1
"Faget, Timis County, Romania",1
"Faison, NC",1
"Falls Church, VA",1
"Famagusta, Famagusta District, Cyprus",1
"Farmington, MO, Missouri, Misourri",1
"Faro, Faro District, Portugal",1
"Fashion District Los Angeles, CA",1
"Fatih, Antalya, Turkey",1
"Fawkner, Victoria, Australia",1
"Flint, MI",1
"Floresti, Prahova, Romania",1
"Florissant, MO",1
"Flushing, NY",1
"Forest Hills, NY",1
"Fort Gibson, OK",1
"Fountain Valley, CA",1
"Fujairah, Emirate of Fujairah, United Arab Emirates",1
"Fujian, China",1
"Fujisawa, Kanagawa Prefecture, Japan",1
"Gangseo, Yeongnam, South Korea",1
"Gardena, CA",1
"Garland, TX",1
"Garner, NC",1
"Gavar, Armenia",1
"Gaziantep, Gaziantep Province, Turkey",1
"Germantown, MD",1
"Gifu, Japan",1
"Gilgit Baltistan, Pakistan",1
"Ginebra, Valle del Cauca, Colombia",1
"Givatayim, Israel",1
"Glastonbury, CT",1
"Golden, CO",1
"Goshen, IN",1
"Gouveia, Guarda District, Portugal",1
"Goyang, Gyeonggi do, South Korea",1
"Granada, Andalusia, Spain",1
"Grand Junction, CO",1
"Greeley, CO",1
"Green Bay, WI",1
"Greenacres, FL",1
"Gresik, East Java, Indonesia",1
"Grove City, OH",1
"Grovedale, Victoria, Australia",1
"Guelph, Ontario, Canada",1
"Guri si, Gyeonggi do, South Korea",1
"Gyeonggi-do, South Korea",1
"Gyeongju si, North Gyeongsang Province, South Korea",1
"Gypsum, CO",1
"Hachioji, Tokyo, Japan",1
"Hadera, Haifa District, Israel",1
"Hagerstown, MD",1
"Halton Hills, Ontario, Canada",1
"Hamilton Township, NJ",1
"Hammond, IN",1
"Harmony, PA",1
"Hartford, CT",1
"Hateg, Hunedoara County, Romania",1
"Haugesund, Rogaland, Norway",1
"Hauppauge, NY",1
"Havlickuv Brod, Vysocina Region, Czech Republic",1
"Hawaii, US",1
"Hawthorne, CA",1
"Haysville, KS",1
"Hazlehurst, GA",1
"Hazleton, PA",1
"Heath, OH",1
"Hefei, Anhui, China",1
"Hendersonville, TN",1
"Herceg Novi, Herceg Novi Municipality, Montenegro",1
"Herent, Flemish Brabant Province, Belgium",1
"Hessen, Wiesbaden, Germany",1
"Hewlett, NY",1
"Hialeah, FL",1
"Hickman, TN",1
"Hickory, NC",1
"Hicksville, NY",1
"Hidalgo, Mexico",1
"Hilmar, CA",1
"Himatnagar, Gujarat, India",1
"Hinsdale, IL",1
"Hiroshima, Japan",1
"Hixson, TN",1
"Hohen Neuendorf, Germany",1
"Holbrook, NY",1
"Holly, MI",1
"Holts Summit, MO",1
"Horsholm, Hovedstaden, Denmark",1
"Houghton, MI",1
"Hradec Kralove, Hradec Kralove Region, Czech Republic",1
"Huechuraba, Santiago Metropolitan Region, Chile",1
"Huixquilucan de Degollado, State of Mexico, Mexico",1
"Humansville, MO",1
"Humble, TX",1
"Hunterdon, NJ",1
"Huntersville, NC",1
"Huntingdon Valley, PA",1
"Hurricane, UT",1
"Hutto, TX",1
"Hyde Park, NY",1
"Ibaraki, Osaka, Japan",1
"Indialantic, FL",1
"Ingolstadt, Bavaria, Germany",1
"Innisfil, Ontario, Canada",1
"Ipswich, Queensland, Australia",1
"Iselin, NJ",1
"Jaffna, Northern Province, Sri Lanka",1
"Jalisco, Mexico",1
"Jalore, Rajasthan, India",1
"Jamalpur, Dhaka Division, Bangladesh",1
"Jambi, Indonesia",1
"Jarrell, TX",1
"Jeju-si, Jeju-do, South Korea",1
"Jenks, OK",1
"Jeollabuk-do, South Korea",1
"Joinville, Santa Catarina, Brazil",1
"Jonesboro, AR",1
"Jos, Plateau, Nigeria",1
"Jurupa Valley, CA",1
"Kajang, Selangor, Malaysia",1
"Kalispell, MT",1
"Kalyani, West Bengal, India",1
"Kanazawa, Ishikawa, Japan",1
"kantharawichai, Maha Sarakham, Thailand",1
"Kanyakumari, Tamil Nadu, India",1
"Karkur, Haifa District, Israel",1
"Kashiwa, Chiba, Japan",1
"Kathu, Phuket, Thailand",1
"Katowice, Silesian Voivodeship, Poland",1
"Katsina, Nigeria",1
"Kawaguchi, Saitama, Japan",1
Kazakhstan Misc,1
"Kearny, NJ",1
"Kelantan, Malaysia",1
"Kempten, Bavaria, Germany",1
"Kemptville, Ontario, Canada",1
"Kenai, AK",1
"Kenmore, WA",1
"Kennebunk, ME",1
"Kentwood, MI",1
"Kepong, Kuala Lumpur, Malaysia",1
"Key West, FL",1
"Khartoum, Sudan",1
"Khlong Sam Wa district, Bangkok, Thailand",1
"Khulna, Khulna Division, Bangladesh",1
"Kikuyu, Kiambu County, Kenya",1
"Kilkenny, County Kilkenny, Ireland",1
"Kings Mountain, NC",1
"Kirov, Kirov Oblast, Russia",1
"Kitakyushu, Fukuoka, Japan",1
"Kleppe, Rogaland, Norway",1
"Kocaeli, Turkey",1
"Kollam, Kerala, India",1
"Koln, Nordrhein Westfalen, Germany",1
"Koprivnica, Koprivnica Krizevci County, Croatia",1
"Koriyama, Fukushima, Japan",1
"Kostroma, Kostroma Oblast, Russia",1
"Kranj, Slovenia",1
"Kristiansand, Agder, Norway",1
"Kuching, Sarawak, Malaysia",1
"Kulim, Kedah, Malaysia",1
"Kunkletown, PA",1
"Kwara, Nigeria",1
"Kyabram, Victoria, Australia",1
"Kyoto, Japan",1
"La Crosse, WI",1
"La Grange Park, IL",1
"La Plata, Buenos Aires Province, Argentina",1
"La Quinta, CA",1
"Labuan, Labuan Federal Territory, Malaysia",1
"Ladera Ranch, CA",1
"Lahti, Paijat-hame, Finland",1
"Lakeville, MN",1
"Lambayeque, Peru",1
"Lamongan, East Java, Indonesia",1
"Langhorne, PA",1
"Lansdale, PA",1
Laos Misc,1
"Larchmont, NY",1
"Laredo, TX",1
"Largo, FL",1
"Larkspur, CA",1
"Lat Krabang, Bangkok, Thailand",1
"Latina, Lazio, Italy",1
"Lawrenceburg, IN",1
"Lecce, Apulia, Italy",1
"Leduc, Alberta, Canada",1
"Lee s Summit, MO",1
"Leesburg, VA",1
"Lermontov, Stavropol Krai, Russia",1
Lesotho Misc,1
"Levis, Quebec, Canada",1
"Liberty Lake, WA",1
"Lillehammer, Innlandet, Norway",1
"Linkou, New Taipei City, Taiwan",1
"Livonia, MI",1
"Lloydminster, Alberta, Canada",1
"Lobamba, Hhohho District, Swaziland",1
"Lochristi, Flemish Region, Belgium",1
"Logan, UT",1
"Loganville, GA",1
"Loma Linda, CA",1
"Longmont, CO",1
"Longview, TX",1
"Lorena, TX",1
"Luton, England, UK",1
"Luzerne, PA",1
"Lysaker, Akershus, Norway",1
"Maardu, Harju County, Estonia",1
"Macomb, MI",1
"Madison Heights, MI",1
"Mahe, Seychelles",1
"Maia, Porto District, Portugal",1
"Malappuram, Kerala, India",1
"Malden, MA",1
"Malmesbury, England, UK",1
"Maltepe, Istanbul, Turkey",1
"Manalapan Township, NJ",1
"Mandaluyong, National Capital Region, Philippines",1
"Mandeville, LA",1
"Mangaluru, Karnataka, India",1
"Manteca, CA",1
"Mantua, Lombardy, Italy",1
"Marathon, FL",1
"Marco Island, FL",1
"Margate, FL",1
"Maribyrnong, Victoria, Australia",1
"Marikina, Metro Manila, Philippines",1
"Marion, IN",1
"Maritime Region, Togo",1
"Marquette, MI",1
Martinique Misc,1
"Massapequa, NY",1
"Mataram, West Nusa Tenggara, Indonesia",1
"Matsudo, Chiba, Japan",1
"Matthews, NC",1
"Maui, HI",1
"Mawathagama, North Western Province, Sri Lanka",1
"Mayfair, England, UK",1
"Mayo, County Mayo, Ireland",1
"Mazandaran, Iran",1
"Mckinleyville, CA",1
"Mclaren Vale, South Australia, Australia",1
"Mecca, Makkah Province, Saudi Arabia",1
"Mechelen, Flanders, Belgium",1
"Meerut, UP, India",1
"Meguro City, Japan",1
"Melhus, Trondelag, Norway",1
"Memphis, TN",1
"Mendoza, Mendoza Province, Argentina",1
"Meredith, NH",1
"Meridian, ID",1
"Merrick, NY",1
"Mesa, AZ",1
"Metro Davao,  Philippines",1
"Michoacan, Mexico",1
"Mill Spring, NC",1
"Milledgeville, GA",1
"Millville, NJ",1
"Minhang, Shanghai, China",1
"Minnesota Lake, MN",1
"Mira Bhayandar, Maharashtra, India",1
"Miraflores, Lima Region, Peru",1
"Misgav, Northern District, Israel",1
"Mission, KS",1
"Missouri City, TX",1
"Moka, Moka District, Mauritius",1
"Moldova Noua, Caras Severin County, Romania",1
"Monett, MO",1
"Monroe Township, NJ",1
"Montclair, NJ",1
"Monterey, CA",1
"Montserrado, Liberia",1
"Monument, CO",1
"Moore, OK",1
"Moravian-Silesian, Czech Republic",1
"Moreauville, LA",1
"Morehead City, NC",1
"Morelia, Michoacan, Mexico",1
"Moreno Valley, CA",1
"Morgan Hill, CA",1
"Morgantown, WV",1
"Morris Plains, NJ",1
"Morristown, NJ",1
"Mount Dora, FL",1
"Mount Laurel Township, NJ",1
"Mount Olive, NJ",1
"Mount Pleasant, SC",1
"Mount Vernon, WA",1
"Mount Waverley, Victoria, Australia",1
"Moyobamba, San Martin, Peru",1
"Mueang Chiang Mai, Chiang Mai Province, Thailand",1
"Mueang Chiang Rai, Chiang Rai, Thailand",1
"Mugla, Turkey",1
"Mundelein, IL",1
"Muratpasa, Antalya, Turkey",1
"Murdock, MN",1
"Murrieta, CA",1
"Murrysville, PA",1
"Muskegon, MI",1
"N Djamena, Chari Baguirmi, Chad",1
"Naberezhnye Chelny, Republic of Tatarstan, Russia",1
"Nadezhda, Autonomous Republic of Crimea, Ukraine",1
"Najran, Saudi Arabia",1
"Narpes, Ostrobothnia, Finland",1
"Narre Warren, Victoria, Australia",1
"Narva, Ida Viru County, Estonia",1
"Nashua, NH",1
"Nayarit, Mexico",1
"Nazareth, Northern District, Israel",1
"Neihu, Taipei City, Taiwan",1
"New Freedom, PA",1
"New Hamburg, Ontario, Canada",1
"New Palestine, IN",1
"Newbury Park, CA",1
"Newland, NC",1
"Newmarket, Ontario, Canada",1
"Newtown Square, PA",1
"Nganjuk, East Java, Indonesia",1
"Niagara Falls, Ontario, Canada",1
"Nieuwegein, Utrecht, Netherlands",1
"Niigata, Japan",1
"Nilai, Negeri Sembilan, Malaysia",1
"Nis, Nisava District, Serbia",1
"Noblesville, IN",1
"Norcross, GA",1
"North 24 Parganas, West Bengal, India",1
"North Bend, WA",1
"North East, PA",1
"North Hollywood, CA",1
"North Miami Beach, FL",1
"North Ridgeville, OH",1
"Noumea, South Province, New Caledonia",1
"Nove Zamky, Nitra Region, Slovakia",1
"Novi Sad, Vojvodina, Serbia",1
"Nur Sultan, Kazakhstan",1
"Oak Creek, WI",1
"Oakdale, CA",1
"Obninsk, Kaluga Oblast, Russia",1
"Ocean City, NJ",1
"Oceanside, CA",1
"Ojai, CA",1
"Old Bridge, NJ",1
"Oldsmar, FL",1
"Onitsha, Anambra, Nigeria",1
"Or Yehuda, Tel Aviv, Israel",1
"Orange, NJ",1
"Orangeville, Ontario, Canada",1
"Orenburg, Orenburg Oblast, Russia",1
"Ormond Beach, FL",1
"Osoyro, Vestland, Norway",1
"Ostfildern, Baden Wurttemberg, Germany",1
"Ostrava, Okres Ostrava-mesto, Czech Republic",1
"Osun, Nigeria",1
"Ouargla, Ouargla Province, Algeria",1
"Owerri, Imo, Nigeria",1
"Oxon Hill, MD",1
"Pacifica, CA",1
"Pagosa Springs, CO",1
"Pak Kret, Nonthaburi, Thailand",1
Palanpur,1
"Palembang, South Sumatra, Indonesia",1
"Palm City, FL",1
"Palmyra Beach, FL",1
"Panevezys, Panevezys County, Lithuania",1
"Panjim, India",1
"Paonia, CO",1
"Paramaribo, Paramaribo District, Suriname",1
"Pardes Hanna Karkur, Haifa District, Israel",1
"Pardubice, Pardubice Region, Czech Republic",1
"Park Ridge, IL",1
"Parkland, FL",1
"Parkville, Victoria, Australia",1
"Pathum Thani, Thailand",1
"Pati, Central Java, Indonesia",1
"Pavia, Lombardy, Italy",1
"Pearl River, NY",1
"Pearland, TX",1
"Pecs, Southern Transdanubia, Hungary",1
"Pekanbaru, Riau, Indonesia",1
"Peoria, AZ",1
"Peoria, IL",1
"Perak, Malaysia",1
Peru Misc,1
"Petersburg, MI",1
"Pickering, Ontario, Canada",1
"Piestany, Trnava Region, Slovakia",1
"Piscataway, NJ",1
"Pitt Meadows, British Columbia, Canada",1
"Plainsboro, NJ",1
"Plantation, FL",1
"Pleasant Hill, CA",1
"Podgorica, Podgorica Municipality, Montenegro",1
"Podolsk, Moscow Oblast, Russia",1
"Pohang si, North Gyeongsang Province, South Korea",1
"Polk City, IA",1
"Pomeranian Voivodeship, Poland",1
"Ponchatoula, LA",1
"Poprad, Presov Region, Slovakia",1
"Port au Prince, Ouest Department, Haiti",1
"Port Matilda, PA",1
"Port of Spain, Trinidad And Tobago",1
"Port Orange, FL",1
"Port Orchard, WA",1
"Porto Salvo, Lisbon, Portugal",1
"Porvoo, Uusimaa, Finland",1
"Pottstown, PA",1
"Poughkeepsie, NY",1
"Poway, CA",1
"Powell, OH",1
"Poznan, Greater Poland Voivodeship, Poland",1
"Pozuelo de Alarcon, Community of Madrid, Spain",1
"Praia, Cape Verde",1
"Prairieville, LA",1
"Prayagraj, Uttar Pradesh, India",1
"Prescott, AZ",1
"Princeton, NJ",1
"Pristina, Kosovo, Serbia",1
"Racine, WI",1
"Radovljica, Municipality of Radovljica, Slovenia",1
Rampurhat,1
"Rancho Cucamonga, CA",1
"Rangpur, Rangpur Division, Bangladesh",1
"Red Bank, NJ",1
"Red Deer, Alberta, Canada",1
"Redding, CA",1
"Rego Park, NY",1
"Reims, Grand Est, France",1
"Renton, WA",1
"Repentigny, Quebec, Canada",1
"Reseda, CA",1
"Rhome, TX",1
"Rialto, CA",1
"Riau Islands, Indonesia",1
"Riau, Indonesia",1
"Ribeira Grande, Azores, Portugal",1
"Richmond, CA",1
"Ridgefield, CT",1
"Rincon Hill, San Francisco, CA",1
"Rio Cuarto, Cordoba, Argentina",1
"Risaralda, Caldas, Colombia",1
"Rishon Lezion, Central District, Israel",1
"Rivadavia, Mendoza Province, Argentina",1
"Rivers State, Nigeria",1
"Riverton, UT",1
"Riverview, FL",1
"Rockport, TX",1
"Roscoe, IL",1
"Rostov Oblast, Russia",1
"Round Rock, TX",1
"Roy, UT",1
"Royal Palm Beach, FL",1
"Royse City, TX",1
"Rueil malmaison, Paris, France",1
"Rutherford, NJ",1
"Rye, NH",1
"Sabaneta, Antioquia, Colombia",1
"Sagle, ID",1
"Saint John, New Brunswick, Canada",1
"Saint Peter Port, Guernsey",1
Saint Vincent and the Grenadines,1
"Saitama, Japan",1
"Sakai, Osaka, Japan",1
"Sala, Nitra Region, Slovakia",1
"Salinas, CA",1
"Saltillo, Coahuila, Mexico",1
"San Borja, Lima Region, Peru",1
"San Bruno, CA",1
"San Dimas, CA",1
"San Francisco Bay Area, US",1
"San Gabriel, CA",1
"San Juan Capistrano, CA",1
"San Luis Potosi, Mexico",1
"San Marcos, CA",1
"San Mateo Atenco, State of Mexico, Mexico",1
"San Pedro Garza Garcia, Nuevo Leon, Mexico",1
"San Sai, Chiang Mai, Thailand",1
"San Sebastian, Basque Country, Spain",1
"Sanandaj, Kurdistan Region, Iran",1
"Sandnes, Rogaland, Norway",1
"Sandown, England, UK",1
"Sandpoint, ID",1
"Sanjay Nagar, Bangalore, India",1
"Sannicolau Mare, Timis County, Romania",1
"Santa Maria, State of Rio Grande do Sul, Brazil",1
"Saphan Sung, Bangkok, Thailand",1
"Sarnia, Ontario, Canada",1
"Sathon, Bangkok, Thailand",1
"Satkhira, Khulna Division, Bangladesh",1
"Sault Ste. Marie, Ontario, Canada",1
"Scandinavia, WI",1
"Schererville, IN",1
"Schwenksville, PA",1
"Scranton, PA",1
"Seaford, DE",1
"Seongdong, Sudogwon, South Korea",1
"Seri Kembangan, Malaysia",1
"Seri Manjung, Perak, Malaysia",1
"Sewell, NJ",1
"Shenandoah, TX",1
"Shepparton, Victoria, Australia",1
"Sherman Oaks, CA",1
"Shinagawa, Tokyo, Japan",1
"Shiraz, Fars Province, Iran",1
"Shoreview, MN",1
"Short Hills, NJ",1
"Shreveport, LA",1
"Siauliai, Siauliai County, Lithuania",1
"Silver Spring, MD",1
"Simcoe, Ontario, Canada",1
"Siquirres, Limon Province, Costa Rica",1
"Sisak-Moslavina County, Croatia",1
"Slovenian Littoral, Slovenia",1
"Slovenj Gradec, Slovenia",1
"Smederevo, Podunavlje District, Serbia",1
"Smithfield, NC",1
"Smithsburg, MD",1
"Smolensk, Smolensk Oblast, Russia",1
"Snohomish, WA",1
"Somerset, England, UK",1
"South Bend, IN",1
"South Brunswick Township, NJ",1
"South Plainfield, NJ",1
"South Tangerang, Banten, Indonesia",1
"South Yarra, Victoria, Australia",1
"Southfield, MI",1
"Sparta, NJ",1
"Spokane, WA",1
"Springville, UT",1
"St Bruno de Montarville, Quebec, Canada",1
"St Charles, IL",1
"St Louis, MO",1
"St Petersburg, Russia",1
"St Thomas, U.s. Virgin Islands",1
"St. Albert, Alberta, Canada",1
"St. John's, Newfoundland And Labrador, Canada",1
"St. Peter Port, Guernsey, UK",1
"Stafford Township, NJ",1
"Staffordshire, UK",1
"Stara Tura, Trencin Region, Slovakia",1
"Stare Mesto, Zlin Region, Czech Republic",1
"Staten Island, New York City, NY",1
"Stavropol, Stavropol Krai, Russia",1
"Stevens Point, WI",1
"Stillwater, OK",1
"Stone Mountain, GA",1
"Stony Brook, NY",1
"Stow, OH",1
"Strovolos, Nicosia District, Cyprus",1
"Subiaco, Western Australia, Australia",1
"Suceava, Suceava County, Romania",1
"Suffern, NY",1
"Suisun City, CA",1
"Sulawesi, Indonesia",1
"Sultanpur, Uttar Pradesh, India",1
"Summerside, Prince Edward Island, Canada",1
"Summit, NJ",1
"Suncheon si, Jeollanam do, South Korea",1
"Sunny Isles Beach, FL",1
"Sunrise, FL",1
"Sutton, England, UK",1
"Svolvaer, Nordland, Norway",1
"Sylhet, Sylhet Division, Bangladesh",1
"Taganrog, Rostov Oblast, Russia",1
"Taichung, Taichung City, Taiwan",1
"Takasaki, Gunma, Japan",1
"Talca, Maule, Chile",1
"Tallapoosa, GA",1
"Tangerang, Indonesia",1
"Taoyuan City, Taiwan",1
"Tasmania, Australia",1
"Teaneck, NJ",1
"Tecumseh, Ontario, Canada",1
"Tegucigalpa, Francisco Morazan Department, Honduras",1
"Telford, England, UK",1
"Tenafly, NJ",1
"Thalang, Phuket, Thailand",1
"Thanjavur, Tamil Nadu, India",1
"The Bronx, New York City, NY",1
"Thomastown, Victoria, Australia",1
"Thoothukudi, Tamil Nadu, India",1
"Thuringen, Germany",1
"Ticino, Switzerland",1
"Timika, Papua, Indonesia",1
"Tipton, England, UK",1
"Tlalnepantla de Baz, State of Mexico, Mexico",1
"Tomball, TX",1
"Tongaat, KwaZulu Natal, South Africa",1
"Tracy, CA",1
"Trade Centre, Dubai, United Arab Emirates",1
"Trenton, NJ",1
"Truckee, CA",1
"Tukwila, WA",1
"Tulare, CA",1
"Turlock, CA",1
"Tustin, CA",1
"Uchaly, Republic of Bashkortostan, Russia",1
"Ulcinj, Ulcinj Municipality, Montenegro",1
"Umhlanga, KwaZulu Natal, South Africa",1
"Union City, NJ",1
"Unterschleissheim, Bavaria, Germany",1
"Upper Marlboro, MD",1
"Urbandale, IA",1
"Uxbridge, England, UK",1
"Vail, CO",1
"Valais, Switzerland",1
"Valhalla, NY",1
"Valladolid, Castile and Leon, Spain",1
"Valletta, South Eastern Region, Malta",1
"Vantaa, Uusimaa, Finland",1
"Varanasi, Uttar Pradesh, India",1
"Vashi, MH, India",1
"Veenendaal, Utrecht, Netherlands",1
"Velas, Azores, Portugal",1
"Velky Osek, Central Bohemian Region, Czech Republic",1
"Vellore, Tamil Nadu, India",1
"Vernon Hills, IL",1
"Vestland, Norway",1
"Victoria Park, Western Australia, Australia",1
"Victoriaville, Quebec, Canada",1
"Vidalia, GA",1
"Vikhroli, Mumbai, India",1
"Viljandi, Viljandi County, Estonia",1
"Villa Allende, Cordoba, Argentina",1
"Villavicencio, Meta, Colombia",1
"Vinh, Nghe An Province, Vietnam",1
"Virgin Islands, US",1
"Vista, CA",1
"Von Ormy, TX",1
"Voronezh, Voronezh Oblast, Russia",1
"Vrhnika, Inner Carniola, Slovenia",1
"Wake Forest, NC",1
"Wall Township, NJ",1
"Wallasey, England, UK",1
"Wallington, England, UK",1
"Wang Thonglang, Bangkok, Thailand",1
"Wangaratta, Victoria, Australia",1
"Wantirna, Victoria, Australia",1
"Warkworth, Auckland, New Zealand",1
"Warner Robins, GA",1
"Washington Terrace, UT",1
"Wauwatosa, WI",1
"Waycross, GA",1
"Waynesboro, PA",1
"Webster, NY",1
"West Park, FL",1
"West Yorkshire, UK",1
"Western Province, Sri Lanka",1
"Westfield Center, OH",1
"Westfield, IN",1
"Weston, FL",1
"Whitefish, MT",1
"Wickford, England, UK",1
"Wildomar, CA",1
"Wildwood, NJ",1
"Willowick, OH",1
"Windhoek, Khomas Region, Namibia",1
"Wingate, NC",1
"Wingfield, South Australia, Australia",1
"Winter Park, FL",1
"Winter Springs, FL",1
"Woburn, MA",1
"Wolverhampton, UK",1
"Xi An, Shaanxi Sheng, China",1
"Yakima, WA",1
"Yakutsk, Sakha Republic, Russia",1
"Yarraville, Victoria, Australia",1
"Yasu, Shiga, Japan",1
Yemen Misc,1
"Yeosu si, Jeollanam do, South Korea",1
"Yokneam Illit, Northern District, Israel",1
"Yorktown Heights, NY",1
"Zacatecas, Mexico",1
"Zeralda, Algiers Province, Algeria",1
"Zhubei, Hsinchu County, Taiwan",1
"Zionsville, IN",1
"Zrenjanin, Vojvodina, Serbia",1